GameID,GamePitchNumber,PredictedPitchType
D5AD4E0A-5A9F-49AE-9629-9CCFF16C93D2,142,FF
D5AD4E0A-5A9F-49AE-9629-9CCFF16C93D2,143,FF
D5AD4E0A-5A9F-49AE-9629-9CCFF16C93D2,147,FS
D5AD4E0A-5A9F-49AE-9629-9CCFF16C93D2,210,FF
9D804F93-35BB-4DCF-922C-ACC3B6B74F7B,65,FF
9D804F93-35BB-4DCF-922C-ACC3B6B74F7B,66,FF
9D804F93-35BB-4DCF-922C-ACC3B6B74F7B,67,FF
9D804F93-35BB-4DCF-922C-ACC3B6B74F7B,92,FF
030BEA22-CAE2-4DA6-977C-CB03A420B708,306,FF
030BEA22-CAE2-4DA6-977C-CB03A420B708,308,FF
030BEA22-CAE2-4DA6-977C-CB03A420B708,309,FF
6EE657E9-A413-45C6-B99D-5DB7C65276AB,214,FF
A606099F-A824-48AF-AE0C-DFDA49F92192,111,FF
A606099F-A824-48AF-AE0C-DFDA49F92192,157,FF
A606099F-A824-48AF-AE0C-DFDA49F92192,267,SL
9D80BE10-A1E1-4947-9285-D87E8239BD54,85,FF
9D80BE10-A1E1-4947-9285-D87E8239BD54,89,FF
9D80BE10-A1E1-4947-9285-D87E8239BD54,96,FF
9D80BE10-A1E1-4947-9285-D87E8239BD54,124,FF
9D80BE10-A1E1-4947-9285-D87E8239BD54,155,FS
9D80BE10-A1E1-4947-9285-D87E8239BD54,158,FF
DE98E334-C227-4CBE-AF71-91199A131EF8,149,FF
DE98E334-C227-4CBE-AF71-91199A131EF8,184,FF
8109FFD4-0598-4B17-8950-91AF40A0F69F,41,FF
8109FFD4-0598-4B17-8950-91AF40A0F69F,70,FF
8109FFD4-0598-4B17-8950-91AF40A0F69F,218,SL
9129A3C5-3814-4AE4-BEAE-C65BA62DAD4B,15,FF
752EDCB2-4833-45C9-98A5-AD3270887DC0,99,CH
2928459E-7D8C-4CFD-A130-9CDD63E6B231,78,FF
2928459E-7D8C-4CFD-A130-9CDD63E6B231,80,FF
2928459E-7D8C-4CFD-A130-9CDD63E6B231,88,CH
2928459E-7D8C-4CFD-A130-9CDD63E6B231,105,FF
2928459E-7D8C-4CFD-A130-9CDD63E6B231,270,FF
2928459E-7D8C-4CFD-A130-9CDD63E6B231,288,FF
FFE483D4-93C4-4E8C-9E66-CB5ACC307593,47,FF
FFE483D4-93C4-4E8C-9E66-CB5ACC307593,50,FF
FFE483D4-93C4-4E8C-9E66-CB5ACC307593,54,FF
FFE483D4-93C4-4E8C-9E66-CB5ACC307593,261,SL
FFE483D4-93C4-4E8C-9E66-CB5ACC307593,174,FF
FFE483D4-93C4-4E8C-9E66-CB5ACC307593,277,FF
FBF4D58E-64A9-40E4-BFB5-F09413343F87,70,FS
FDD99835-1C39-4E85-A5A0-9567A4DC6553,8,FF
FDD99835-1C39-4E85-A5A0-9567A4DC6553,60,FF
FDD99835-1C39-4E85-A5A0-9567A4DC6553,61,FF
FDD99835-1C39-4E85-A5A0-9567A4DC6553,68,FF
FDD99835-1C39-4E85-A5A0-9567A4DC6553,182,FS
E93E08EF-3151-4D19-97AF-736A496CD8CF,49,CH
E93E08EF-3151-4D19-97AF-736A496CD8CF,156,FF
E93E08EF-3151-4D19-97AF-736A496CD8CF,229,FF
3218FC4E-5668-4FBD-9668-7A9AD3A3A937,1,FF
3218FC4E-5668-4FBD-9668-7A9AD3A3A937,46,CH
3218FC4E-5668-4FBD-9668-7A9AD3A3A937,49,FF
E93E08EF-3151-4D19-97AF-736A496CD8CF,223,FF
6D2A2B03-BE3E-483A-AF49-7FFE874C70CA,243,FF
3218FC4E-5668-4FBD-9668-7A9AD3A3A937,141,FF
C055FFCD-DD83-4CFA-8922-3AC471E5C42A,55,FF
C055FFCD-DD83-4CFA-8922-3AC471E5C42A,174,FF
C055FFCD-DD83-4CFA-8922-3AC471E5C42A,237,FF
CDE51065-5441-4F2F-A333-4464C9920928,2,FF
CDE51065-5441-4F2F-A333-4464C9920928,70,CH
CDE51065-5441-4F2F-A333-4464C9920928,72,FF
CDE51065-5441-4F2F-A333-4464C9920928,84,CH
CDE51065-5441-4F2F-A333-4464C9920928,139,FF
DB540F53-A2D8-4882-9EDE-3DE1587A72FD,60,FF
DB540F53-A2D8-4882-9EDE-3DE1587A72FD,122,FF
DB540F53-A2D8-4882-9EDE-3DE1587A72FD,142,FS
B91399AF-6FB4-4D6F-BC8C-7D69F8A82E98,262,FF
E67308E3-FE11-4B30-8C92-264C5C3D658D,297,FF
94FBA67C-5276-40BD-8D99-BAD029ABFBAC,18,FF
94FBA67C-5276-40BD-8D99-BAD029ABFBAC,49,FF
94FBA67C-5276-40BD-8D99-BAD029ABFBAC,87,FF
75CB03C6-79F9-4AA2-9A19-08EE617F0C72,60,CH
6C85A09F-C6F5-4F71-9B04-E41AC5B08836,15,SL
6C85A09F-C6F5-4F71-9B04-E41AC5B08836,16,FF
6C85A09F-C6F5-4F71-9B04-E41AC5B08836,148,FF
6C85A09F-C6F5-4F71-9B04-E41AC5B08836,149,CH
8D90086C-CD92-435B-829D-09B4F75CDB66,88,FF
8D90086C-CD92-435B-829D-09B4F75CDB66,33,FF
8D90086C-CD92-435B-829D-09B4F75CDB66,124,CH
B3590777-86EC-4647-9E70-6739D6B6ECF1,65,FF
B3590777-86EC-4647-9E70-6739D6B6ECF1,141,FF
B3590777-86EC-4647-9E70-6739D6B6ECF1,143,FF
B3590777-86EC-4647-9E70-6739D6B6ECF1,169,FF
B3590777-86EC-4647-9E70-6739D6B6ECF1,199,FS
B3590777-86EC-4647-9E70-6739D6B6ECF1,223,FF
B3590777-86EC-4647-9E70-6739D6B6ECF1,225,FF
8EC6D408-87EF-41C4-B09F-F3ACA0013B37,273,SL
8EC6D408-87EF-41C4-B09F-F3ACA0013B37,277,SL
4E2D7B02-2F58-4472-9918-780CE13E6AAD,78,FF
10E29CFA-F36A-4689-ADE7-EBE68B7CCCF5,281,FF
8014D94B-6AC7-4332-8145-818464CDFD70,257,FF
3F1A1C90-0971-437C-AE42-49E7EF7E2937,199,FF
3F1A1C90-0971-437C-AE42-49E7EF7E2937,225,FF
3F1A1C90-0971-437C-AE42-49E7EF7E2937,228,FF
FDF22ED7-0511-43E9-B253-986FD0D19417,13,FF
FDF22ED7-0511-43E9-B253-986FD0D19417,35,FF
FDF22ED7-0511-43E9-B253-986FD0D19417,72,CH
FDF22ED7-0511-43E9-B253-986FD0D19417,89,FF
FDF22ED7-0511-43E9-B253-986FD0D19417,93,CH
FDF22ED7-0511-43E9-B253-986FD0D19417,43,FF
78053207-0C6A-4C3C-AC4E-3D3D9422FB75,11,FF
78053207-0C6A-4C3C-AC4E-3D3D9422FB75,78,FF
78053207-0C6A-4C3C-AC4E-3D3D9422FB75,165,FF
78053207-0C6A-4C3C-AC4E-3D3D9422FB75,166,FF
78053207-0C6A-4C3C-AC4E-3D3D9422FB75,167,FF
78053207-0C6A-4C3C-AC4E-3D3D9422FB75,143,FF
8B96166F-F432-4F9D-BE75-DC9CEE05A9FF,12,FS
8B96166F-F432-4F9D-BE75-DC9CEE05A9FF,15,FF
8B96166F-F432-4F9D-BE75-DC9CEE05A9FF,43,FF
8B96166F-F432-4F9D-BE75-DC9CEE05A9FF,139,FF
8B96166F-F432-4F9D-BE75-DC9CEE05A9FF,141,FF
7B14F4EE-014C-4522-9541-AE89822D527B,75,FF
7B14F4EE-014C-4522-9541-AE89822D527B,84,FF
7B14F4EE-014C-4522-9541-AE89822D527B,90,CH
7B14F4EE-014C-4522-9541-AE89822D527B,118,FF
7B14F4EE-014C-4522-9541-AE89822D527B,140,CH
94C7DE54-D151-4056-9FC2-9CB4733D7E3C,170,FC
94C7DE54-D151-4056-9FC2-9CB4733D7E3C,197,CH
BEA95BBC-7CAD-4F1D-A8B7-F7B8E377EA45,172,SI
BA6BFCB6-F8DA-496A-BAF3-8FFA24F6CCE6,37,FC
BA6BFCB6-F8DA-496A-BAF3-8FFA24F6CCE6,41,FC
BA6BFCB6-F8DA-496A-BAF3-8FFA24F6CCE6,142,CH
BA6BFCB6-F8DA-496A-BAF3-8FFA24F6CCE6,64,CH
BA6BFCB6-F8DA-496A-BAF3-8FFA24F6CCE6,65,FC
91C63765-29BC-435A-B1D7-57C899BCF992,16,FF
DF0C1B01-783E-4589-A0D6-8354B5D3A915,239,FF
DF0C1B01-783E-4589-A0D6-8354B5D3A915,277,FF
91C63765-29BC-435A-B1D7-57C899BCF992,255,FF
91C63765-29BC-435A-B1D7-57C899BCF992,258,FS
9779BC6E-035C-4237-9594-B499AD4CB1D9,62,FF
9779BC6E-035C-4237-9594-B499AD4CB1D9,94,SI
9779BC6E-035C-4237-9594-B499AD4CB1D9,105,SI
AB201530-ACA5-4A7C-B98F-370016857AF1,105,FS
AB201530-ACA5-4A7C-B98F-370016857AF1,106,FF
AB201530-ACA5-4A7C-B98F-370016857AF1,360,SL
AB201530-ACA5-4A7C-B98F-370016857AF1,363,SL
630B68B4-B065-4877-8E95-A1F7F6CCDFC6,282,FF
C1F335C4-7316-4F62-92C5-976FF30EC1E3,89,FF
C1F335C4-7316-4F62-92C5-976FF30EC1E3,150,CH
126D0457-A972-42C0-BC90-CE4E01440406,104,FF
126D0457-A972-42C0-BC90-CE4E01440406,160,FS
0F1C5E6C-4FF1-4A79-A798-61A850759615,50,FF
0F1C5E6C-4FF1-4A79-A798-61A850759615,164,FF
D26BD198-7EB0-439E-BEF0-027842EAA678,38,FS
D26BD198-7EB0-439E-BEF0-027842EAA678,39,FS
D26BD198-7EB0-439E-BEF0-027842EAA678,87,FF
8F4A2C40-7CA2-48EF-A532-F705E3DAC7AC,62,FF
A2AAAE5E-016F-4237-80C3-08FE17D10F32,17,FF
A2AAAE5E-016F-4237-80C3-08FE17D10F32,18,FF
A2AAAE5E-016F-4237-80C3-08FE17D10F32,69,CH
8F4A2C40-7CA2-48EF-A532-F705E3DAC7AC,129,FF
A2AAAE5E-016F-4237-80C3-08FE17D10F32,117,FF
A2AAAE5E-016F-4237-80C3-08FE17D10F32,142,FF
A2AAAE5E-016F-4237-80C3-08FE17D10F32,152,FF
B92984DA-AB88-41EB-8308-818D05E3A220,90,FF
B92984DA-AB88-41EB-8308-818D05E3A220,202,FS
6D8AB28E-92C2-4404-8FD8-E044EB4BF306,72,FF
6D8AB28E-92C2-4404-8FD8-E044EB4BF306,100,SI
B5B35307-796E-432B-8CBF-EFC3B983D3D8,60,SI
B5B35307-796E-432B-8CBF-EFC3B983D3D8,71,SI
6D8AB28E-92C2-4404-8FD8-E044EB4BF306,134,CH
B5B35307-796E-432B-8CBF-EFC3B983D3D8,128,SI
6A72C134-B40A-4C1C-9B77-F490F1DE39F1,8,SI
6A72C134-B40A-4C1C-9B77-F490F1DE39F1,11,SI
6A72C134-B40A-4C1C-9B77-F490F1DE39F1,74,SI
6A72C134-B40A-4C1C-9B77-F490F1DE39F1,75,FF
6A72C134-B40A-4C1C-9B77-F490F1DE39F1,76,SI
6A72C134-B40A-4C1C-9B77-F490F1DE39F1,80,SI
6A72C134-B40A-4C1C-9B77-F490F1DE39F1,82,FF
6A72C134-B40A-4C1C-9B77-F490F1DE39F1,133,FF
B5B35307-796E-432B-8CBF-EFC3B983D3D8,168,FF
6CFAE29A-392E-469C-B588-79F2CE14ACC4,32,FF
6CFAE29A-392E-469C-B588-79F2CE14ACC4,37,FF
6CFAE29A-392E-469C-B588-79F2CE14ACC4,61,FF
6CFAE29A-392E-469C-B588-79F2CE14ACC4,62,FF
6CFAE29A-392E-469C-B588-79F2CE14ACC4,72,FF
6CFAE29A-392E-469C-B588-79F2CE14ACC4,112,FF
6CFAE29A-392E-469C-B588-79F2CE14ACC4,219,CH
12681724-AD13-4002-9714-7DB34043D3FF,54,FF
12681724-AD13-4002-9714-7DB34043D3FF,155,SI
D17EB44C-20D5-400F-8DA9-6C0A2E5C1C36,29,FF
D17EB44C-20D5-400F-8DA9-6C0A2E5C1C36,97,FF
D17EB44C-20D5-400F-8DA9-6C0A2E5C1C36,101,FF
D17EB44C-20D5-400F-8DA9-6C0A2E5C1C36,177,FS
940A8462-94DB-4241-8470-90ED7007D149,6,FF
940A8462-94DB-4241-8470-90ED7007D149,98,FF
940A8462-94DB-4241-8470-90ED7007D149,100,SI
96DE160A-1C9B-401F-8F21-D2445E969764,51,SI
96DE160A-1C9B-401F-8F21-D2445E969764,104,SI
96DE160A-1C9B-401F-8F21-D2445E969764,188,KC
DB384C0B-27DD-4976-A376-E5D0C0A055B7,1,FF
DB384C0B-27DD-4976-A376-E5D0C0A055B7,4,SI
DB384C0B-27DD-4976-A376-E5D0C0A055B7,55,SI
94616745-5E84-43DB-A91C-D7BCEA945794,40,FF
94616745-5E84-43DB-A91C-D7BCEA945794,127,FF
DB384C0B-27DD-4976-A376-E5D0C0A055B7,268,FF
DB384C0B-27DD-4976-A376-E5D0C0A055B7,269,FF
F732CF6A-2332-4405-A5CF-C585ADE92CBE,33,SI
F732CF6A-2332-4405-A5CF-C585ADE92CBE,35,FF
F732CF6A-2332-4405-A5CF-C585ADE92CBE,64,SI
F732CF6A-2332-4405-A5CF-C585ADE92CBE,65,FF
F732CF6A-2332-4405-A5CF-C585ADE92CBE,68,SI
F732CF6A-2332-4405-A5CF-C585ADE92CBE,105,SI
F732CF6A-2332-4405-A5CF-C585ADE92CBE,131,FF
F732CF6A-2332-4405-A5CF-C585ADE92CBE,132,KC
F732CF6A-2332-4405-A5CF-C585ADE92CBE,134,FF
F732CF6A-2332-4405-A5CF-C585ADE92CBE,138,FF
14867209-EB3C-4955-8E2B-A2749310C2ED,141,CH
14867209-EB3C-4955-8E2B-A2749310C2ED,167,CH
38D746C8-D8F7-4352-822F-F24225233348,14,SI
38D746C8-D8F7-4352-822F-F24225233348,17,SI
38D746C8-D8F7-4352-822F-F24225233348,22,FF
38D746C8-D8F7-4352-822F-F24225233348,127,FF
38D746C8-D8F7-4352-822F-F24225233348,134,SI
38D746C8-D8F7-4352-822F-F24225233348,138,FF
A3CC3553-8006-4134-9036-4974E42155E5,291,FF
E65E67B0-97A9-4494-910F-60F9859C8B91,21,FF
E65E67B0-97A9-4494-910F-60F9859C8B91,24,SI
E65E67B0-97A9-4494-910F-60F9859C8B91,113,SI
E65E67B0-97A9-4494-910F-60F9859C8B91,197,FF
FE8521B4-54A5-4CE7-8B35-39F25E37C1FB,69,SI
FE8521B4-54A5-4CE7-8B35-39F25E37C1FB,88,FF
E65E67B0-97A9-4494-910F-60F9859C8B91,192,CH
E65E67B0-97A9-4494-910F-60F9859C8B91,138,CH
FE8521B4-54A5-4CE7-8B35-39F25E37C1FB,115,CH
FE8521B4-54A5-4CE7-8B35-39F25E37C1FB,132,SI
FE8521B4-54A5-4CE7-8B35-39F25E37C1FB,133,SI
AD8C86B3-F810-499E-9355-18CEBD5446FC,37,CH
FE8521B4-54A5-4CE7-8B35-39F25E37C1FB,143,FF
FE8521B4-54A5-4CE7-8B35-39F25E37C1FB,144,FF
AD8C86B3-F810-499E-9355-18CEBD5446FC,110,FC
AD8C86B3-F810-499E-9355-18CEBD5446FC,173,FC
AD8C86B3-F810-499E-9355-18CEBD5446FC,175,FC
CB4A5AD5-F283-49BC-9333-8F621A37A96F,12,FF
4C6FD9D1-247F-4136-B031-11CDFAF18A0E,61,FF
4C6FD9D1-247F-4136-B031-11CDFAF18A0E,86,SI
4C6FD9D1-247F-4136-B031-11CDFAF18A0E,87,SI
7A5684C6-7EB1-4677-B0FC-C6D309AACD9C,175,FF
7A5684C6-7EB1-4677-B0FC-C6D309AACD9C,181,SL
7A5684C6-7EB1-4677-B0FC-C6D309AACD9C,290,SL
7A5684C6-7EB1-4677-B0FC-C6D309AACD9C,306,FF
7A5684C6-7EB1-4677-B0FC-C6D309AACD9C,188,FF
15F67ACE-E10E-4182-B1E5-D6209B214378,22,FF
15F67ACE-E10E-4182-B1E5-D6209B214378,23,FF
15F67ACE-E10E-4182-B1E5-D6209B214378,100,CH
15F67ACE-E10E-4182-B1E5-D6209B214378,139,SI
B1419115-76D4-4FB6-8B82-2AD825A74D9B,94,SL
B1419115-76D4-4FB6-8B82-2AD825A74D9B,153,FC
B1419115-76D4-4FB6-8B82-2AD825A74D9B,165,CH
A0CB87CF-3F28-4C59-8B19-67EABEA55760,39,FF
A0CB87CF-3F28-4C59-8B19-67EABEA55760,52,FF
63147545-1F64-4887-B24A-2A8456EED2C9,130,CH
C29F55F9-CAA3-49FA-BE21-CD690B889040,45,CH
C29F55F9-CAA3-49FA-BE21-CD690B889040,71,FF
C29F55F9-CAA3-49FA-BE21-CD690B889040,143,CH
01C4D0EB-8F3C-41AD-A408-6CBE64E29968,84,FF
01C4D0EB-8F3C-41AD-A408-6CBE64E29968,206,CH
2B31A1B5-22BF-41AF-B716-FF95D143D11D,183,FF
2B31A1B5-22BF-41AF-B716-FF95D143D11D,244,SL
2B31A1B5-22BF-41AF-B716-FF95D143D11D,245,SL
AE562197-9CEA-4A4F-936B-4AE19819121B,2,FC
AE562197-9CEA-4A4F-936B-4AE19819121B,97,FC
AE562197-9CEA-4A4F-936B-4AE19819121B,119,FF
AE562197-9CEA-4A4F-936B-4AE19819121B,120,FC
AE562197-9CEA-4A4F-936B-4AE19819121B,125,CH
41D9FC9C-2A3F-42BA-8823-240A7601FCC7,118,FF
41D9FC9C-2A3F-42BA-8823-240A7601FCC7,142,FF
41D9FC9C-2A3F-42BA-8823-240A7601FCC7,145,CH
41D9FC9C-2A3F-42BA-8823-240A7601FCC7,147,CH
41D9FC9C-2A3F-42BA-8823-240A7601FCC7,92,FF
E5B9A1D1-BE90-4B98-AE7C-36A8E4653667,18,FF
E5B9A1D1-BE90-4B98-AE7C-36A8E4653667,26,FF
E5B9A1D1-BE90-4B98-AE7C-36A8E4653667,85,FC
2B31A1B5-22BF-41AF-B716-FF95D143D11D,113,FF
C9AF348E-9BC3-41BA-925A-37DD60CF551B,80,FC
C9AF348E-9BC3-41BA-925A-37DD60CF551B,114,FC
D1C3A418-FD53-41AA-BC23-F600C02587D5,140,FF
D1C3A418-FD53-41AA-BC23-F600C02587D5,127,CH
D1C3A418-FD53-41AA-BC23-F600C02587D5,130,FC
D1C3A418-FD53-41AA-BC23-F600C02587D5,133,FC
96BDEFDA-7141-46BB-B6F6-E59A347D915B,254,FF
96BDEFDA-7141-46BB-B6F6-E59A347D915B,116,FF
96BDEFDA-7141-46BB-B6F6-E59A347D915B,120,FF
31ACF1A1-67D8-4C24-B02D-8FD259279252,2,FC
31ACF1A1-67D8-4C24-B02D-8FD259279252,40,FC
F5CCDBBA-8486-4C2C-9D99-9BE9ABBC09B1,135,CH
F5CCDBBA-8486-4C2C-9D99-9BE9ABBC09B1,138,SI
F5CCDBBA-8486-4C2C-9D99-9BE9ABBC09B1,181,SI
CD3D3175-DA88-4360-A2BC-6E6D433E527D,11,CH
CD3D3175-DA88-4360-A2BC-6E6D433E527D,24,FF
CD3D3175-DA88-4360-A2BC-6E6D433E527D,39,FF
CD3D3175-DA88-4360-A2BC-6E6D433E527D,81,FF
CD3D3175-DA88-4360-A2BC-6E6D433E527D,135,CH
CD3D3175-DA88-4360-A2BC-6E6D433E527D,172,CH
CAD3F782-6DC2-4F34-9587-B732D1ED2CD8,19,FF
CAD3F782-6DC2-4F34-9587-B732D1ED2CD8,44,FF
CD3D3175-DA88-4360-A2BC-6E6D433E527D,260,FF
CAD3F782-6DC2-4F34-9587-B732D1ED2CD8,163,FF
B818B277-5202-4C22-B08D-9057450DE92C,14,FF
13A538CE-EA33-4418-9973-5F170F3D00C1,72,FC
EB46041F-A82D-493E-A9F8-47CBDCFE4972,63,FF
E1D93D35-21CC-4BAD-9137-1FA159EFEE47,160,FF
E1D93D35-21CC-4BAD-9137-1FA159EFEE47,206,FF
D5AD4E0A-5A9F-49AE-9629-9CCFF16C93D2,6,FF
B2114246-EA90-4F9D-A990-9827975F008C,63,FF
B2114246-EA90-4F9D-A990-9827975F008C,108,FF
96C63517-786E-4B5E-9BC8-8BD5EAAAEE6D,30,FF
96C63517-786E-4B5E-9BC8-8BD5EAAAEE6D,35,FF
96C63517-786E-4B5E-9BC8-8BD5EAAAEE6D,64,FF
96C63517-786E-4B5E-9BC8-8BD5EAAAEE6D,92,FF
96C63517-786E-4B5E-9BC8-8BD5EAAAEE6D,122,FF
96C63517-786E-4B5E-9BC8-8BD5EAAAEE6D,178,FF
3100221D-BCA6-4E7B-A2CC-5F07A8773D98,21,CH
3100221D-BCA6-4E7B-A2CC-5F07A8773D98,76,CH
3100221D-BCA6-4E7B-A2CC-5F07A8773D98,79,CH
3100221D-BCA6-4E7B-A2CC-5F07A8773D98,105,CH
3100221D-BCA6-4E7B-A2CC-5F07A8773D98,108,FF
3100221D-BCA6-4E7B-A2CC-5F07A8773D98,110,FF
3100221D-BCA6-4E7B-A2CC-5F07A8773D98,113,FF
3100221D-BCA6-4E7B-A2CC-5F07A8773D98,117,FF
50FBD6C4-25ED-4208-986F-CDDC64D4DAD2,41,FF
50FBD6C4-25ED-4208-986F-CDDC64D4DAD2,47,CH
50FBD6C4-25ED-4208-986F-CDDC64D4DAD2,159,FF
2FE2E651-B574-416B-AE6A-C5F638BD7CA9,4,FF
2FE2E651-B574-416B-AE6A-C5F638BD7CA9,137,FF
5978CB5B-CC61-474F-B986-82B38A692A62,26,CH
5978CB5B-CC61-474F-B986-82B38A692A62,86,FF
5978CB5B-CC61-474F-B986-82B38A692A62,120,FC
5978CB5B-CC61-474F-B986-82B38A692A62,122,FC
5978CB5B-CC61-474F-B986-82B38A692A62,137,FS
75F108AF-8BA9-4897-9197-8AAA632B3184,261,FF
5DB4596C-DBD8-485E-BB70-10C5F525517E,52,FF
5DB4596C-DBD8-485E-BB70-10C5F525517E,95,FF
5DB4596C-DBD8-485E-BB70-10C5F525517E,105,FF
5DB4596C-DBD8-485E-BB70-10C5F525517E,19,FF
478A40E6-2CFC-4775-B69C-31EFECABD76C,4,CH
478A40E6-2CFC-4775-B69C-31EFECABD76C,61,FF
478A40E6-2CFC-4775-B69C-31EFECABD76C,151,FF
EB46041F-A82D-493E-A9F8-47CBDCFE4972,130,FF
EB46041F-A82D-493E-A9F8-47CBDCFE4972,158,FF
EB613B3C-E7BC-4BC5-8DAA-12DE60D5523A,8,FF
EB613B3C-E7BC-4BC5-8DAA-12DE60D5523A,138,FF
EB613B3C-E7BC-4BC5-8DAA-12DE60D5523A,168,FF
FDF22ED7-0511-43E9-B253-986FD0D19417,116,FC
FDF22ED7-0511-43E9-B253-986FD0D19417,125,FC
FDF22ED7-0511-43E9-B253-986FD0D19417,147,CH
3F1A1C90-0971-437C-AE42-49E7EF7E2937,170,FF
4E2D7B02-2F58-4472-9918-780CE13E6AAD,97,FF
8EC6D408-87EF-41C4-B09F-F3ACA0013B37,248,SL
8EC6D408-87EF-41C4-B09F-F3ACA0013B37,265,FF
8EC6D408-87EF-41C4-B09F-F3ACA0013B37,269,SL
4E2D7B02-2F58-4472-9918-780CE13E6AAD,43,FF
4E2D7B02-2F58-4472-9918-780CE13E6AAD,20,FF
4E2D7B02-2F58-4472-9918-780CE13E6AAD,22,FS
6C85A09F-C6F5-4F71-9B04-E41AC5B08836,207,FC
B3590777-86EC-4647-9E70-6739D6B6ECF1,218,FF
B3590777-86EC-4647-9E70-6739D6B6ECF1,127,FS
B3590777-86EC-4647-9E70-6739D6B6ECF1,94,FS
B3590777-86EC-4647-9E70-6739D6B6ECF1,95,FS
B3590777-86EC-4647-9E70-6739D6B6ECF1,36,FS
B3590777-86EC-4647-9E70-6739D6B6ECF1,43,FS
6C85A09F-C6F5-4F71-9B04-E41AC5B08836,151,CH
6C85A09F-C6F5-4F71-9B04-E41AC5B08836,153,FF
6C85A09F-C6F5-4F71-9B04-E41AC5B08836,176,CH
6C85A09F-C6F5-4F71-9B04-E41AC5B08836,178,FC
6C85A09F-C6F5-4F71-9B04-E41AC5B08836,112,SL
45314D1A-494C-4AEE-841B-B7037B481442,256,SL
6B1F2815-5692-496D-8453-6172B1E7D4FF,273,FF
94FBA67C-5276-40BD-8D99-BAD029ABFBAC,125,FF
94FBA67C-5276-40BD-8D99-BAD029ABFBAC,128,FS
17D9B90B-FB29-44F0-A79A-0F3C764F5743,248,FF
B91399AF-6FB4-4D6F-BC8C-7D69F8A82E98,252,FF
B91399AF-6FB4-4D6F-BC8C-7D69F8A82E98,255,FF
B91399AF-6FB4-4D6F-BC8C-7D69F8A82E98,257,FF
DB540F53-A2D8-4882-9EDE-3DE1587A72FD,135,FF
DB540F53-A2D8-4882-9EDE-3DE1587A72FD,10,FS
CDE51065-5441-4F2F-A333-4464C9920928,142,FF
CDE51065-5441-4F2F-A333-4464C9920928,105,CH
CDE51065-5441-4F2F-A333-4464C9920928,106,FF
CDE51065-5441-4F2F-A333-4464C9920928,10,FF
C055FFCD-DD83-4CFA-8922-3AC471E5C42A,245,SL
C055FFCD-DD83-4CFA-8922-3AC471E5C42A,247,FF
C055FFCD-DD83-4CFA-8922-3AC471E5C42A,185,FF
C055FFCD-DD83-4CFA-8922-3AC471E5C42A,30,FF
3218FC4E-5668-4FBD-9668-7A9AD3A3A937,115,FF
E93E08EF-3151-4D19-97AF-736A496CD8CF,129,FF
E93E08EF-3151-4D19-97AF-736A496CD8CF,2,FF
FDD99835-1C39-4E85-A5A0-9567A4DC6553,321,SL
FDD99835-1C39-4E85-A5A0-9567A4DC6553,103,FF
FDD99835-1C39-4E85-A5A0-9567A4DC6553,108,FF
FDD99835-1C39-4E85-A5A0-9567A4DC6553,146,FS
FDD99835-1C39-4E85-A5A0-9567A4DC6553,38,FF
FBF4D58E-64A9-40E4-BFB5-F09413343F87,73,FF
FBF4D58E-64A9-40E4-BFB5-F09413343F87,22,FF
FFE483D4-93C4-4E8C-9E66-CB5ACC307593,272,FF
525AB090-0062-4279-9E2E-E938FBE948E2,242,FF
2928459E-7D8C-4CFD-A130-9CDD63E6B231,54,FF
9129A3C5-3814-4AE4-BEAE-C65BA62DAD4B,75,FS
9129A3C5-3814-4AE4-BEAE-C65BA62DAD4B,76,FS
9129A3C5-3814-4AE4-BEAE-C65BA62DAD4B,31,FF
9129A3C5-3814-4AE4-BEAE-C65BA62DAD4B,34,FS
9129A3C5-3814-4AE4-BEAE-C65BA62DAD4B,36,FS
8109FFD4-0598-4B17-8950-91AF40A0F69F,214,SL
DE98E334-C227-4CBE-AF71-91199A131EF8,190,FF
DE98E334-C227-4CBE-AF71-91199A131EF8,191,FF
DE98E334-C227-4CBE-AF71-91199A131EF8,156,FS
A606099F-A824-48AF-AE0C-DFDA49F92192,264,SL
A606099F-A824-48AF-AE0C-DFDA49F92192,222,FC
A606099F-A824-48AF-AE0C-DFDA49F92192,208,FC
A606099F-A824-48AF-AE0C-DFDA49F92192,143,FF
A606099F-A824-48AF-AE0C-DFDA49F92192,138,CH
A606099F-A824-48AF-AE0C-DFDA49F92192,65,FF
A606099F-A824-48AF-AE0C-DFDA49F92192,67,CH
A606099F-A824-48AF-AE0C-DFDA49F92192,35,FF
A606099F-A824-48AF-AE0C-DFDA49F92192,38,FF
030BEA22-CAE2-4DA6-977C-CB03A420B708,300,FF
9D804F93-35BB-4DCF-922C-ACC3B6B74F7B,73,FS
D5AD4E0A-5A9F-49AE-9629-9CCFF16C93D2,203,FS
2FECD094-2638-49B7-B353-B78053517A45,232,FC
2FECD094-2638-49B7-B353-B78053517A45,240,FC
3FA9D93C-FD01-41C8-AA82-6856E9AF3098,266,SL
BEA95BBC-7CAD-4F1D-A8B7-F7B8E377EA45,180,CH
BA6BFCB6-F8DA-496A-BAF3-8FFA24F6CCE6,25,FC
BA6BFCB6-F8DA-496A-BAF3-8FFA24F6CCE6,26,FC
BEA95BBC-7CAD-4F1D-A8B7-F7B8E377EA45,115,CH
BEA95BBC-7CAD-4F1D-A8B7-F7B8E377EA45,77,CH
BEA95BBC-7CAD-4F1D-A8B7-F7B8E377EA45,56,CH
BEA95BBC-7CAD-4F1D-A8B7-F7B8E377EA45,25,SI
94C7DE54-D151-4056-9FC2-9CB4733D7E3C,183,FC
94C7DE54-D151-4056-9FC2-9CB4733D7E3C,84,FC
94C7DE54-D151-4056-9FC2-9CB4733D7E3C,61,FF
7B14F4EE-014C-4522-9541-AE89822D527B,133,FF
7B14F4EE-014C-4522-9541-AE89822D527B,107,FF
8B96166F-F432-4F9D-BE75-DC9CEE05A9FF,46,FF
78053207-0C6A-4C3C-AC4E-3D3D9422FB75,122,FF
78053207-0C6A-4C3C-AC4E-3D3D9422FB75,123,FF
78053207-0C6A-4C3C-AC4E-3D3D9422FB75,97,CH
78053207-0C6A-4C3C-AC4E-3D3D9422FB75,109,CH
4C6FD9D1-247F-4136-B031-11CDFAF18A0E,148,SI
4C6FD9D1-247F-4136-B031-11CDFAF18A0E,123,SI
4C6FD9D1-247F-4136-B031-11CDFAF18A0E,17,FF
AD8C86B3-F810-499E-9355-18CEBD5446FC,182,FC
AD8C86B3-F810-499E-9355-18CEBD5446FC,65,FC
FE8521B4-54A5-4CE7-8B35-39F25E37C1FB,134,FF
FE8521B4-54A5-4CE7-8B35-39F25E37C1FB,136,FF
FE8521B4-54A5-4CE7-8B35-39F25E37C1FB,64,FF
FE8521B4-54A5-4CE7-8B35-39F25E37C1FB,21,FF
E65E67B0-97A9-4494-910F-60F9859C8B91,69,FF
E65E67B0-97A9-4494-910F-60F9859C8B91,72,SI
E65E67B0-97A9-4494-910F-60F9859C8B91,73,SI
38D746C8-D8F7-4352-822F-F24225233348,50,SI
38D746C8-D8F7-4352-822F-F24225233348,46,SI
992F43C7-BB3B-4059-BBE8-1E8F2F61926E,111,CH
94616745-5E84-43DB-A91C-D7BCEA945794,211,SI
94616745-5E84-43DB-A91C-D7BCEA945794,105,SI
DB384C0B-27DD-4976-A376-E5D0C0A055B7,99,FF
94616745-5E84-43DB-A91C-D7BCEA945794,191,SI
96DE160A-1C9B-401F-8F21-D2445E969764,22,SI
96DE160A-1C9B-401F-8F21-D2445E969764,24,SI
96DE160A-1C9B-401F-8F21-D2445E969764,50,FF
96DE160A-1C9B-401F-8F21-D2445E969764,113,SI
96DE160A-1C9B-401F-8F21-D2445E969764,118,SI
96DE160A-1C9B-401F-8F21-D2445E969764,122,FF
D17EB44C-20D5-400F-8DA9-6C0A2E5C1C36,37,FF
D17EB44C-20D5-400F-8DA9-6C0A2E5C1C36,38,FS
12681724-AD13-4002-9714-7DB34043D3FF,89,SI
12681724-AD13-4002-9714-7DB34043D3FF,108,CH
6CFAE29A-392E-469C-B588-79F2CE14ACC4,221,FF
6CFAE29A-392E-469C-B588-79F2CE14ACC4,80,FF
6CFAE29A-392E-469C-B588-79F2CE14ACC4,28,FF
6CFAE29A-392E-469C-B588-79F2CE14ACC4,30,CH
6A72C134-B40A-4C1C-9B77-F490F1DE39F1,144,SI
6A72C134-B40A-4C1C-9B77-F490F1DE39F1,109,FF
6A72C134-B40A-4C1C-9B77-F490F1DE39F1,40,SI
6A72C134-B40A-4C1C-9B77-F490F1DE39F1,44,SI
B5B35307-796E-432B-8CBF-EFC3B983D3D8,97,FF
B5B35307-796E-432B-8CBF-EFC3B983D3D8,18,SI
6D8AB28E-92C2-4404-8FD8-E044EB4BF306,127,CH
6D8AB28E-92C2-4404-8FD8-E044EB4BF306,40,FF
B92984DA-AB88-41EB-8308-818D05E3A220,141,FS
B92984DA-AB88-41EB-8308-818D05E3A220,16,FF
8F4A2C40-7CA2-48EF-A532-F705E3DAC7AC,31,CH
D26BD198-7EB0-439E-BEF0-027842EAA678,199,FF
D26BD198-7EB0-439E-BEF0-027842EAA678,207,FS
D26BD198-7EB0-439E-BEF0-027842EAA678,119,FS
0F1C5E6C-4FF1-4A79-A798-61A850759615,82,SI
C1F335C4-7316-4F62-92C5-976FF30EC1E3,213,FF
126D0457-A972-42C0-BC90-CE4E01440406,185,FF
126D0457-A972-42C0-BC90-CE4E01440406,54,FF
126D0457-A972-42C0-BC90-CE4E01440406,56,FF
C1F335C4-7316-4F62-92C5-976FF30EC1E3,170,FF
C1F335C4-7316-4F62-92C5-976FF30EC1E3,26,CH
C1F335C4-7316-4F62-92C5-976FF30EC1E3,30,FF
C1F335C4-7316-4F62-92C5-976FF30EC1E3,79,FF
630B68B4-B065-4877-8E95-A1F7F6CCDFC6,283,FF
630B68B4-B065-4877-8E95-A1F7F6CCDFC6,46,FF
AB201530-ACA5-4A7C-B98F-370016857AF1,366,FF
AB201530-ACA5-4A7C-B98F-370016857AF1,146,FF
AB201530-ACA5-4A7C-B98F-370016857AF1,109,FF
AB201530-ACA5-4A7C-B98F-370016857AF1,110,FS
AB201530-ACA5-4A7C-B98F-370016857AF1,20,FF
AB201530-ACA5-4A7C-B98F-370016857AF1,68,FF
AB201530-ACA5-4A7C-B98F-370016857AF1,72,FS
9779BC6E-035C-4237-9594-B499AD4CB1D9,136,CH
91C63765-29BC-435A-B1D7-57C899BCF992,246,FS
91C63765-29BC-435A-B1D7-57C899BCF992,248,FS
91C63765-29BC-435A-B1D7-57C899BCF992,127,FF
91C63765-29BC-435A-B1D7-57C899BCF992,162,FS
91C63765-29BC-435A-B1D7-57C899BCF992,164,FS
91C63765-29BC-435A-B1D7-57C899BCF992,20,FF
91C63765-29BC-435A-B1D7-57C899BCF992,70,FF
BF35AFDC-5F6F-43FA-ADF8-AF649A10CF5C,46,FF
BF35AFDC-5F6F-43FA-ADF8-AF649A10CF5C,14,FF
BF35AFDC-5F6F-43FA-ADF8-AF649A10CF5C,38,FS
EB613B3C-E7BC-4BC5-8DAA-12DE60D5523A,174,FS
EB613B3C-E7BC-4BC5-8DAA-12DE60D5523A,128,FF
EB613B3C-E7BC-4BC5-8DAA-12DE60D5523A,96,FF
EB613B3C-E7BC-4BC5-8DAA-12DE60D5523A,98,FS
EB46041F-A82D-493E-A9F8-47CBDCFE4972,117,FF
478A40E6-2CFC-4775-B69C-31EFECABD76C,32,CH
5DB4596C-DBD8-485E-BB70-10C5F525517E,130,FF
5DB4596C-DBD8-485E-BB70-10C5F525517E,132,FF
5DB4596C-DBD8-485E-BB70-10C5F525517E,8,FF
5DB4596C-DBD8-485E-BB70-10C5F525517E,4,FF
5DB4596C-DBD8-485E-BB70-10C5F525517E,6,FS
5978CB5B-CC61-474F-B986-82B38A692A62,130,FC
5978CB5B-CC61-474F-B986-82B38A692A62,131,FC
2FE2E651-B574-416B-AE6A-C5F638BD7CA9,165,CH
2FE2E651-B574-416B-AE6A-C5F638BD7CA9,214,FF
2FE2E651-B574-416B-AE6A-C5F638BD7CA9,221,FF
50FBD6C4-25ED-4208-986F-CDDC64D4DAD2,25,FF
D417A0CA-7FC3-47CE-B687-6112B9E7AF07,267,FF
3100221D-BCA6-4E7B-A2CC-5F07A8773D98,239,SL
3100221D-BCA6-4E7B-A2CC-5F07A8773D98,87,CH
24FFE06E-4B20-4510-8F8F-7A7D66CD3892,290,SL
24FFE06E-4B20-4510-8F8F-7A7D66CD3892,294,SL
96C63517-786E-4B5E-9BC8-8BD5EAAAEE6D,237,SL
96C63517-786E-4B5E-9BC8-8BD5EAAAEE6D,113,FF
E1D93D35-21CC-4BAD-9137-1FA159EFEE47,89,FF
96C63517-786E-4B5E-9BC8-8BD5EAAAEE6D,59,CH
96C63517-786E-4B5E-9BC8-8BD5EAAAEE6D,61,FF
B2114246-EA90-4F9D-A990-9827975F008C,147,FF
B2114246-EA90-4F9D-A990-9827975F008C,40,FF
B2114246-EA90-4F9D-A990-9827975F008C,1,FF
B2114246-EA90-4F9D-A990-9827975F008C,2,FF
D5AD4E0A-5A9F-49AE-9629-9CCFF16C93D2,105,FF
D5AD4E0A-5A9F-49AE-9629-9CCFF16C93D2,110,FS
D5AD4E0A-5A9F-49AE-9629-9CCFF16C93D2,60,FS
D5AD4E0A-5A9F-49AE-9629-9CCFF16C93D2,42,FS
D5AD4E0A-5A9F-49AE-9629-9CCFF16C93D2,1,FF
E1D93D35-21CC-4BAD-9137-1FA159EFEE47,186,FF
E1D93D35-21CC-4BAD-9137-1FA159EFEE47,189,FF
06A88D12-4046-453A-9C23-F99C956BFC94,195,FF
E1D93D35-21CC-4BAD-9137-1FA159EFEE47,163,FF
E1D93D35-21CC-4BAD-9137-1FA159EFEE47,164,CH
E1D93D35-21CC-4BAD-9137-1FA159EFEE47,43,FF
E1D93D35-21CC-4BAD-9137-1FA159EFEE47,4,CH
EB46041F-A82D-493E-A9F8-47CBDCFE4972,57,FF
13A538CE-EA33-4418-9973-5F170F3D00C1,189,FC
13A538CE-EA33-4418-9973-5F170F3D00C1,180,FC
13A538CE-EA33-4418-9973-5F170F3D00C1,110,CH
13A538CE-EA33-4418-9973-5F170F3D00C1,112,FF
13A538CE-EA33-4418-9973-5F170F3D00C1,120,CH
13A538CE-EA33-4418-9973-5F170F3D00C1,43,SL
13A538CE-EA33-4418-9973-5F170F3D00C1,64,SL
B818B277-5202-4C22-B08D-9057450DE92C,40,FF
B818B277-5202-4C22-B08D-9057450DE92C,45,FF
1554D1A3-717B-4FEA-A30C-F4D84FF9A2E5,221,FF
CAD3F782-6DC2-4F34-9587-B732D1ED2CD8,62,SI
CD3D3175-DA88-4360-A2BC-6E6D433E527D,251,SL
CD3D3175-DA88-4360-A2BC-6E6D433E527D,167,CH
CD3D3175-DA88-4360-A2BC-6E6D433E527D,169,CH
CD3D3175-DA88-4360-A2BC-6E6D433E527D,45,FF
CD3D3175-DA88-4360-A2BC-6E6D433E527D,48,CH
F5CCDBBA-8486-4C2C-9D99-9BE9ABBC09B1,13,SI
F5CCDBBA-8486-4C2C-9D99-9BE9ABBC09B1,173,FF
F5CCDBBA-8486-4C2C-9D99-9BE9ABBC09B1,140,SI
F5CCDBBA-8486-4C2C-9D99-9BE9ABBC09B1,114,SI
F5CCDBBA-8486-4C2C-9D99-9BE9ABBC09B1,44,FF
31ACF1A1-67D8-4C24-B02D-8FD259279252,75,FF
31ACF1A1-67D8-4C24-B02D-8FD259279252,83,FC
31ACF1A1-67D8-4C24-B02D-8FD259279252,5,FF
31ACF1A1-67D8-4C24-B02D-8FD259279252,7,FF
96BDEFDA-7141-46BB-B6F6-E59A347D915B,27,FF
D1C3A418-FD53-41AA-BC23-F600C02587D5,70,CH
D1C3A418-FD53-41AA-BC23-F600C02587D5,73,FC
D1C3A418-FD53-41AA-BC23-F600C02587D5,151,FS
D1C3A418-FD53-41AA-BC23-F600C02587D5,63,FS
D1C3A418-FD53-41AA-BC23-F600C02587D5,86,FF
D1C3A418-FD53-41AA-BC23-F600C02587D5,116,FF
D1C3A418-FD53-41AA-BC23-F600C02587D5,58,FF
CBECF99E-37D7-438F-9D60-02C1D242451F,266,SL
D1C3A418-FD53-41AA-BC23-F600C02587D5,21,FF
C9AF348E-9BC3-41BA-925A-37DD60CF551B,315,FF
C9AF348E-9BC3-41BA-925A-37DD60CF551B,17,SL
C9AF348E-9BC3-41BA-925A-37DD60CF551B,21,SL
C9AF348E-9BC3-41BA-925A-37DD60CF551B,28,FC
E5B9A1D1-BE90-4B98-AE7C-36A8E4653667,64,FC
41D9FC9C-2A3F-42BA-8823-240A7601FCC7,52,FF
41D9FC9C-2A3F-42BA-8823-240A7601FCC7,53,FF
41D9FC9C-2A3F-42BA-8823-240A7601FCC7,56,FF
2B31A1B5-22BF-41AF-B716-FF95D143D11D,168,FF
AE562197-9CEA-4A4F-936B-4AE19819121B,48,FF
2B31A1B5-22BF-41AF-B716-FF95D143D11D,37,FS
2B31A1B5-22BF-41AF-B716-FF95D143D11D,38,FS
2B31A1B5-22BF-41AF-B716-FF95D143D11D,46,FF
2B31A1B5-22BF-41AF-B716-FF95D143D11D,47,FF
2B31A1B5-22BF-41AF-B716-FF95D143D11D,54,FS
01C4D0EB-8F3C-41AD-A408-6CBE64E29968,210,FF
01C4D0EB-8F3C-41AD-A408-6CBE64E29968,170,CH
01C4D0EB-8F3C-41AD-A408-6CBE64E29968,111,CH
C29F55F9-CAA3-49FA-BE21-CD690B889040,172,CH
01C4D0EB-8F3C-41AD-A408-6CBE64E29968,167,FF
01C4D0EB-8F3C-41AD-A408-6CBE64E29968,66,FF
C29F55F9-CAA3-49FA-BE21-CD690B889040,99,CH
C29F55F9-CAA3-49FA-BE21-CD690B889040,14,FC
C29F55F9-CAA3-49FA-BE21-CD690B889040,35,SL
C29F55F9-CAA3-49FA-BE21-CD690B889040,43,FC
C29F55F9-CAA3-49FA-BE21-CD690B889040,7,SL
63147545-1F64-4887-B24A-2A8456EED2C9,104,FC
63147545-1F64-4887-B24A-2A8456EED2C9,62,FF
3B496ADE-AF4C-41CC-827D-947D32A940C1,57,FF
A0CB87CF-3F28-4C59-8B19-67EABEA55760,174,CH
A0CB87CF-3F28-4C59-8B19-67EABEA55760,139,CH
A0CB87CF-3F28-4C59-8B19-67EABEA55760,140,FC
A0CB87CF-3F28-4C59-8B19-67EABEA55760,143,FC
A0CB87CF-3F28-4C59-8B19-67EABEA55760,146,FC
A0CB87CF-3F28-4C59-8B19-67EABEA55760,147,FC
A0CB87CF-3F28-4C59-8B19-67EABEA55760,8,FF
B1419115-76D4-4FB6-8B82-2AD825A74D9B,134,FC
B1419115-76D4-4FB6-8B82-2AD825A74D9B,143,FC
B1419115-76D4-4FB6-8B82-2AD825A74D9B,38,FF
B1419115-76D4-4FB6-8B82-2AD825A74D9B,41,SL
7A5684C6-7EB1-4677-B0FC-C6D309AACD9C,281,FF
7A5684C6-7EB1-4677-B0FC-C6D309AACD9C,28,FF
7A5684C6-7EB1-4677-B0FC-C6D309AACD9C,65,FF
9D80BE10-A1E1-4947-9285-D87E8239BD54,76,FF
9129A3C5-3814-4AE4-BEAE-C65BA62DAD4B,141,FF
DE98E334-C227-4CBE-AF71-91199A131EF8,49,FS
8109FFD4-0598-4B17-8950-91AF40A0F69F,14,FF
8109FFD4-0598-4B17-8950-91AF40A0F69F,16,FF
9D80BE10-A1E1-4947-9285-D87E8239BD54,90,FF
2928459E-7D8C-4CFD-A130-9CDD63E6B231,113,FF
2928459E-7D8C-4CFD-A130-9CDD63E6B231,277,FF
E93E08EF-3151-4D19-97AF-736A496CD8CF,84,FF
CDE51065-5441-4F2F-A333-4464C9920928,39,FF
CDE51065-5441-4F2F-A333-4464C9920928,42,FF
CDE51065-5441-4F2F-A333-4464C9920928,187,CH
20C560D2-5BAB-47D1-B16B-DF5B6F57F59B,260,FF
17D9B90B-FB29-44F0-A79A-0F3C764F5743,252,FF
75CB03C6-79F9-4AA2-9A19-08EE617F0C72,109,FF
6C85A09F-C6F5-4F71-9B04-E41AC5B08836,199,FC
6C85A09F-C6F5-4F71-9B04-E41AC5B08836,204,FC
8D90086C-CD92-435B-829D-09B4F75CDB66,98,FF
4E2D7B02-2F58-4472-9918-780CE13E6AAD,75,FF
3F1A1C90-0971-437C-AE42-49E7EF7E2937,42,FF
FDF22ED7-0511-43E9-B253-986FD0D19417,66,FC
FDF22ED7-0511-43E9-B253-986FD0D19417,68,FC
78053207-0C6A-4C3C-AC4E-3D3D9422FB75,85,FF
78053207-0C6A-4C3C-AC4E-3D3D9422FB75,89,FF
94C7DE54-D151-4056-9FC2-9CB4733D7E3C,128,FC
BA6BFCB6-F8DA-496A-BAF3-8FFA24F6CCE6,104,CH
BA6BFCB6-F8DA-496A-BAF3-8FFA24F6CCE6,110,CH
9779BC6E-035C-4237-9594-B499AD4CB1D9,82,SI
C1F335C4-7316-4F62-92C5-976FF30EC1E3,205,CH
126D0457-A972-42C0-BC90-CE4E01440406,237,FF
0F1C5E6C-4FF1-4A79-A798-61A850759615,106,SI
A2AAAE5E-016F-4237-80C3-08FE17D10F32,150,FF
6A72C134-B40A-4C1C-9B77-F490F1DE39F1,167,KC
6A72C134-B40A-4C1C-9B77-F490F1DE39F1,169,SI
6A72C134-B40A-4C1C-9B77-F490F1DE39F1,171,FF
6CFAE29A-392E-469C-B588-79F2CE14ACC4,252,FF
D17EB44C-20D5-400F-8DA9-6C0A2E5C1C36,45,FF
D17EB44C-20D5-400F-8DA9-6C0A2E5C1C36,119,FS
D17EB44C-20D5-400F-8DA9-6C0A2E5C1C36,34,FF
940A8462-94DB-4241-8470-90ED7007D149,36,FF
940A8462-94DB-4241-8470-90ED7007D149,142,SI
940A8462-94DB-4241-8470-90ED7007D149,147,SI
94616745-5E84-43DB-A91C-D7BCEA945794,89,FF
DB384C0B-27DD-4976-A376-E5D0C0A055B7,110,SI
F732CF6A-2332-4405-A5CF-C585ADE92CBE,93,CH
F732CF6A-2332-4405-A5CF-C585ADE92CBE,100,UN
F732CF6A-2332-4405-A5CF-C585ADE92CBE,166,FF
14867209-EB3C-4955-8E2B-A2749310C2ED,58,CH
38D746C8-D8F7-4352-822F-F24225233348,97,SI
4C6FD9D1-247F-4136-B031-11CDFAF18A0E,114,CH
C29F55F9-CAA3-49FA-BE21-CD690B889040,165,CH
C29F55F9-CAA3-49FA-BE21-CD690B889040,168,FC
A0CB87CF-3F28-4C59-8B19-67EABEA55760,53,FF
3B496ADE-AF4C-41CC-827D-947D32A940C1,20,FF
3B496ADE-AF4C-41CC-827D-947D32A940C1,22,FC
B1419115-76D4-4FB6-8B82-2AD825A74D9B,100,FC
B1419115-76D4-4FB6-8B82-2AD825A74D9B,101,FC
AE562197-9CEA-4A4F-936B-4AE19819121B,132,FC
41D9FC9C-2A3F-42BA-8823-240A7601FCC7,175,FF
C9AF348E-9BC3-41BA-925A-37DD60CF551B,327,FF
F5CCDBBA-8486-4C2C-9D99-9BE9ABBC09B1,110,SI
CD3D3175-DA88-4360-A2BC-6E6D433E527D,74,FF
13A538CE-EA33-4418-9973-5F170F3D00C1,34,FC
13A538CE-EA33-4418-9973-5F170F3D00C1,226,CH
13A538CE-EA33-4418-9973-5F170F3D00C1,230,FC
E1D93D35-21CC-4BAD-9137-1FA159EFEE47,178,FF
84D56261-5215-430A-8178-041D28B62E3A,264,SL
D5AD4E0A-5A9F-49AE-9629-9CCFF16C93D2,65,FF
B2114246-EA90-4F9D-A990-9827975F008C,155,FF
D417A0CA-7FC3-47CE-B687-6112B9E7AF07,234,FF
50FBD6C4-25ED-4208-986F-CDDC64D4DAD2,123,CH
2FE2E651-B574-416B-AE6A-C5F638BD7CA9,156,FF
2FE2E651-B574-416B-AE6A-C5F638BD7CA9,157,FF
5978CB5B-CC61-474F-B986-82B38A692A62,51,FC
5978CB5B-CC61-474F-B986-82B38A692A62,115,FC
5978CB5B-CC61-474F-B986-82B38A692A62,79,FC
5DB4596C-DBD8-485E-BB70-10C5F525517E,124,FF
478A40E6-2CFC-4775-B69C-31EFECABD76C,64,FF
EB613B3C-E7BC-4BC5-8DAA-12DE60D5523A,177,FF
1F4EB641-179F-490C-9920-29C1FEBBA9EE,262,FF
21DFE476-89F5-4CD0-B7F3-B3B969FDE9BD,279,FF
B3590777-86EC-4647-9E70-6739D6B6ECF1,33,FF
562BEB6F-8611-4586-BA60-170F0FC45D21,301,SL
2928459E-7D8C-4CFD-A130-9CDD63E6B231,33,FF
EB613B3C-E7BC-4BC5-8DAA-12DE60D5523A,286,SL
2928459E-7D8C-4CFD-A130-9CDD63E6B231,83,FF
2928459E-7D8C-4CFD-A130-9CDD63E6B231,84,FF
9D804F93-35BB-4DCF-922C-ACC3B6B74F7B,8,FF
94C7DE54-D151-4056-9FC2-9CB4733D7E3C,35,FF
9779BC6E-035C-4237-9594-B499AD4CB1D9,20,FF
992F43C7-BB3B-4059-BBE8-1E8F2F61926E,50,CH
FE8521B4-54A5-4CE7-8B35-39F25E37C1FB,109,CH
D1C3A418-FD53-41AA-BC23-F600C02587D5,45,FC
4E2D7B02-2F58-4472-9918-780CE13E6AAD,49,FF
63147545-1F64-4887-B24A-2A8456EED2C9,9,FF
63147545-1F64-4887-B24A-2A8456EED2C9,12,SL
4E2D7B02-2F58-4472-9918-780CE13E6AAD,205,FF
75CB03C6-79F9-4AA2-9A19-08EE617F0C72,124,FF
75CB03C6-79F9-4AA2-9A19-08EE617F0C72,126,CH
75CB03C6-79F9-4AA2-9A19-08EE617F0C72,54,FF
8D90086C-CD92-435B-829D-09B4F75CDB66,28,CH
8D90086C-CD92-435B-829D-09B4F75CDB66,30,CH
C055FFCD-DD83-4CFA-8922-3AC471E5C42A,113,FF
CDE51065-5441-4F2F-A333-4464C9920928,109,FF
CDE51065-5441-4F2F-A333-4464C9920928,35,FF
E67308E3-FE11-4B30-8C92-264C5C3D658D,13,FF
DB540F53-A2D8-4882-9EDE-3DE1587A72FD,79,FF
94FBA67C-5276-40BD-8D99-BAD029ABFBAC,24,FF
17D9B90B-FB29-44F0-A79A-0F3C764F5743,239,FF
17D9B90B-FB29-44F0-A79A-0F3C764F5743,242,SL
17D9B90B-FB29-44F0-A79A-0F3C764F5743,243,FF
9D804F93-35BB-4DCF-922C-ACC3B6B74F7B,4,FF
9D804F93-35BB-4DCF-922C-ACC3B6B74F7B,5,FF
9D804F93-35BB-4DCF-922C-ACC3B6B74F7B,20,FF
9D804F93-35BB-4DCF-922C-ACC3B6B74F7B,59,FS
A606099F-A824-48AF-AE0C-DFDA49F92192,45,FF
A606099F-A824-48AF-AE0C-DFDA49F92192,47,FF
A606099F-A824-48AF-AE0C-DFDA49F92192,255,FF
A606099F-A824-48AF-AE0C-DFDA49F92192,142,FF
A606099F-A824-48AF-AE0C-DFDA49F92192,214,FC
A606099F-A824-48AF-AE0C-DFDA49F92192,215,FC
752EDCB2-4833-45C9-98A5-AD3270887DC0,52,FF
752EDCB2-4833-45C9-98A5-AD3270887DC0,53,CH
9129A3C5-3814-4AE4-BEAE-C65BA62DAD4B,25,FF
FDD99835-1C39-4E85-A5A0-9567A4DC6553,62,FF
752EDCB2-4833-45C9-98A5-AD3270887DC0,114,CH
FDD99835-1C39-4E85-A5A0-9567A4DC6553,189,FS
E93E08EF-3151-4D19-97AF-736A496CD8CF,158,CH
E93E08EF-3151-4D19-97AF-736A496CD8CF,159,CH
2928459E-7D8C-4CFD-A130-9CDD63E6B231,9,FF
FFE483D4-93C4-4E8C-9E66-CB5ACC307593,138,CH
FFE483D4-93C4-4E8C-9E66-CB5ACC307593,98,CH
FFE483D4-93C4-4E8C-9E66-CB5ACC307593,99,FF
7B14F4EE-014C-4522-9541-AE89822D527B,203,FF
7B14F4EE-014C-4522-9541-AE89822D527B,111,CH
7B14F4EE-014C-4522-9541-AE89822D527B,17,CH
BEA95BBC-7CAD-4F1D-A8B7-F7B8E377EA45,84,SI
8B96166F-F432-4F9D-BE75-DC9CEE05A9FF,134,FF
8B96166F-F432-4F9D-BE75-DC9CEE05A9FF,196,FF
3FA9D93C-FD01-41C8-AA82-6856E9AF3098,247,FF
3FA9D93C-FD01-41C8-AA82-6856E9AF3098,250,SL
BEA95BBC-7CAD-4F1D-A8B7-F7B8E377EA45,20,FF
D26BD198-7EB0-439E-BEF0-027842EAA678,157,FF
8F4A2C40-7CA2-48EF-A532-F705E3DAC7AC,108,FF
8F4A2C40-7CA2-48EF-A532-F705E3DAC7AC,56,FF
126D0457-A972-42C0-BC90-CE4E01440406,177,FF
C1F335C4-7316-4F62-92C5-976FF30EC1E3,84,FF
C1F335C4-7316-4F62-92C5-976FF30EC1E3,20,FF
630B68B4-B065-4877-8E95-A1F7F6CCDFC6,101,FF
630B68B4-B065-4877-8E95-A1F7F6CCDFC6,104,FF
630B68B4-B065-4877-8E95-A1F7F6CCDFC6,16,FF
AB201530-ACA5-4A7C-B98F-370016857AF1,91,FF
AB201530-ACA5-4A7C-B98F-370016857AF1,62,FF
AB201530-ACA5-4A7C-B98F-370016857AF1,64,FS
AB201530-ACA5-4A7C-B98F-370016857AF1,65,FF
AB201530-ACA5-4A7C-B98F-370016857AF1,136,FF
AB201530-ACA5-4A7C-B98F-370016857AF1,139,FF
AB201530-ACA5-4A7C-B98F-370016857AF1,172,FS
9779BC6E-035C-4237-9594-B499AD4CB1D9,169,SI
91C63765-29BC-435A-B1D7-57C899BCF992,54,FF
91C63765-29BC-435A-B1D7-57C899BCF992,64,FF
992F43C7-BB3B-4059-BBE8-1E8F2F61926E,138,CH
992F43C7-BB3B-4059-BBE8-1E8F2F61926E,139,FF
992F43C7-BB3B-4059-BBE8-1E8F2F61926E,14,CH
14867209-EB3C-4955-8E2B-A2749310C2ED,51,FF
14867209-EB3C-4955-8E2B-A2749310C2ED,14,FC
14867209-EB3C-4955-8E2B-A2749310C2ED,16,SL
14867209-EB3C-4955-8E2B-A2749310C2ED,121,FF
14867209-EB3C-4955-8E2B-A2749310C2ED,122,FC
14867209-EB3C-4955-8E2B-A2749310C2ED,126,FC
14867209-EB3C-4955-8E2B-A2749310C2ED,128,FC
14867209-EB3C-4955-8E2B-A2749310C2ED,131,FC
14867209-EB3C-4955-8E2B-A2749310C2ED,132,FC
F732CF6A-2332-4405-A5CF-C585ADE92CBE,116,FF
F732CF6A-2332-4405-A5CF-C585ADE92CBE,89,FF
DB384C0B-27DD-4976-A376-E5D0C0A055B7,83,FF
96DE160A-1C9B-401F-8F21-D2445E969764,11,FF
940A8462-94DB-4241-8470-90ED7007D149,119,SI
940A8462-94DB-4241-8470-90ED7007D149,122,SI
12681724-AD13-4002-9714-7DB34043D3FF,120,SI
12681724-AD13-4002-9714-7DB34043D3FF,12,SI
6CFAE29A-392E-469C-B588-79F2CE14ACC4,253,FF
6A72C134-B40A-4C1C-9B77-F490F1DE39F1,130,FF
B92984DA-AB88-41EB-8308-818D05E3A220,100,FF
B92984DA-AB88-41EB-8308-818D05E3A220,239,FS
B5B35307-796E-432B-8CBF-EFC3B983D3D8,81,FF
B5B35307-796E-432B-8CBF-EFC3B983D3D8,160,SI
B5B35307-796E-432B-8CBF-EFC3B983D3D8,162,SI
AD8C86B3-F810-499E-9355-18CEBD5446FC,86,FC
E65E67B0-97A9-4494-910F-60F9859C8B91,29,SI
38D746C8-D8F7-4352-822F-F24225233348,5,SI
4C6FD9D1-247F-4136-B031-11CDFAF18A0E,143,CH
CB4A5AD5-F283-49BC-9333-8F621A37A96F,37,CH
AD8C86B3-F810-499E-9355-18CEBD5446FC,92,FF
EB46041F-A82D-493E-A9F8-47CBDCFE4972,97,FF
EB46041F-A82D-493E-A9F8-47CBDCFE4972,99,CH
EB46041F-A82D-493E-A9F8-47CBDCFE4972,102,CH
65F107CB-CD07-4A16-B84D-FDC2E6C283F0,331,FF
31ACF1A1-67D8-4C24-B02D-8FD259279252,26,FF
B2114246-EA90-4F9D-A990-9827975F008C,152,FF
3100221D-BCA6-4E7B-A2CC-5F07A8773D98,22,FF
50FBD6C4-25ED-4208-986F-CDDC64D4DAD2,59,FF
50FBD6C4-25ED-4208-986F-CDDC64D4DAD2,33,FF
2FE2E651-B574-416B-AE6A-C5F638BD7CA9,6,FF
50FBD6C4-25ED-4208-986F-CDDC64D4DAD2,121,FF
50FBD6C4-25ED-4208-986F-CDDC64D4DAD2,146,FF
50FBD6C4-25ED-4208-986F-CDDC64D4DAD2,147,CH
7A5684C6-7EB1-4677-B0FC-C6D309AACD9C,20,FF
CB4A5AD5-F283-49BC-9333-8F621A37A96F,101,FF
7A5684C6-7EB1-4677-B0FC-C6D309AACD9C,136,FF
15F67ACE-E10E-4182-B1E5-D6209B214378,55,SI
15F67ACE-E10E-4182-B1E5-D6209B214378,56,SI
7A5684C6-7EB1-4677-B0FC-C6D309AACD9C,284,FF
15F67ACE-E10E-4182-B1E5-D6209B214378,77,SI
63147545-1F64-4887-B24A-2A8456EED2C9,107,CH
63147545-1F64-4887-B24A-2A8456EED2C9,111,SL
D1C3A418-FD53-41AA-BC23-F600C02587D5,77,FF
D1C3A418-FD53-41AA-BC23-F600C02587D5,78,FF
E5B9A1D1-BE90-4B98-AE7C-36A8E4653667,153,FC
E5B9A1D1-BE90-4B98-AE7C-36A8E4653667,53,FF
C9AF348E-9BC3-41BA-925A-37DD60CF551B,46,CH
2B31A1B5-22BF-41AF-B716-FF95D143D11D,134,FF
E5B9A1D1-BE90-4B98-AE7C-36A8E4653667,29,FC
478A40E6-2CFC-4775-B69C-31EFECABD76C,96,FF
1F4EB641-179F-490C-9920-29C1FEBBA9EE,271,FF
EB613B3C-E7BC-4BC5-8DAA-12DE60D5523A,3,FF
EB613B3C-E7BC-4BC5-8DAA-12DE60D5523A,33,FF
EB613B3C-E7BC-4BC5-8DAA-12DE60D5523A,34,FS
5DB4596C-DBD8-485E-BB70-10C5F525517E,64,FS
5978CB5B-CC61-474F-B986-82B38A692A62,107,FC
2FE2E651-B574-416B-AE6A-C5F638BD7CA9,91,FF
FDD99835-1C39-4E85-A5A0-9567A4DC6553,27,FF
9129A3C5-3814-4AE4-BEAE-C65BA62DAD4B,67,FF
9129A3C5-3814-4AE4-BEAE-C65BA62DAD4B,71,FS
9129A3C5-3814-4AE4-BEAE-C65BA62DAD4B,103,FF
8D90086C-CD92-435B-829D-09B4F75CDB66,44,FF
3F1A1C90-0971-437C-AE42-49E7EF7E2937,231,FS
3F1A1C90-0971-437C-AE42-49E7EF7E2937,232,FS
BEA95BBC-7CAD-4F1D-A8B7-F7B8E377EA45,174,SI
7B14F4EE-014C-4522-9541-AE89822D527B,83,CH
38D746C8-D8F7-4352-822F-F24225233348,49,SI
38D746C8-D8F7-4352-822F-F24225233348,123,FF
6CFAE29A-392E-469C-B588-79F2CE14ACC4,151,FF
D17EB44C-20D5-400F-8DA9-6C0A2E5C1C36,171,FS
DB384C0B-27DD-4976-A376-E5D0C0A055B7,112,SI
992F43C7-BB3B-4059-BBE8-1E8F2F61926E,144,CH
992F43C7-BB3B-4059-BBE8-1E8F2F61926E,136,CH
91C63765-29BC-435A-B1D7-57C899BCF992,28,FF
9779BC6E-035C-4237-9594-B499AD4CB1D9,89,SI
AB201530-ACA5-4A7C-B98F-370016857AF1,100,FF
126D0457-A972-42C0-BC90-CE4E01440406,241,FF
0F1C5E6C-4FF1-4A79-A798-61A850759615,56,CH
0F1C5E6C-4FF1-4A79-A798-61A850759615,57,SI
5DB4596C-DBD8-485E-BB70-10C5F525517E,38,FF
5DB4596C-DBD8-485E-BB70-10C5F525517E,103,FF
01C4D0EB-8F3C-41AD-A408-6CBE64E29968,114,FF
E5B9A1D1-BE90-4B98-AE7C-36A8E4653667,121,CH
D1C3A418-FD53-41AA-BC23-F600C02587D5,145,FF
15F67ACE-E10E-4182-B1E5-D6209B214378,161,SI
7A5684C6-7EB1-4677-B0FC-C6D309AACD9C,88,FF
50FBD6C4-25ED-4208-986F-CDDC64D4DAD2,148,FF
96C63517-786E-4B5E-9BC8-8BD5EAAAEE6D,171,FF
B2114246-EA90-4F9D-A990-9827975F008C,135,FF
B2114246-EA90-4F9D-A990-9827975F008C,77,FF
E1D93D35-21CC-4BAD-9137-1FA159EFEE47,39,FF
C055FFCD-DD83-4CFA-8922-3AC471E5C42A,142,FF
030BEA22-CAE2-4DA6-977C-CB03A420B708,304,FF
9129A3C5-3814-4AE4-BEAE-C65BA62DAD4B,126,FS
DE98E334-C227-4CBE-AF71-91199A131EF8,55,FF
8109FFD4-0598-4B17-8950-91AF40A0F69F,88,FF
DE98E334-C227-4CBE-AF71-91199A131EF8,181,FF
75CB03C6-79F9-4AA2-9A19-08EE617F0C72,15,FF
B3590777-86EC-4647-9E70-6739D6B6ECF1,249,FF
B3590777-86EC-4647-9E70-6739D6B6ECF1,250,SL
94C7DE54-D151-4056-9FC2-9CB4733D7E3C,119,FF
8B96166F-F432-4F9D-BE75-DC9CEE05A9FF,17,FF
BEA95BBC-7CAD-4F1D-A8B7-F7B8E377EA45,18,FF
8F4A2C40-7CA2-48EF-A532-F705E3DAC7AC,135,CH
940A8462-94DB-4241-8470-90ED7007D149,46,CH
630B68B4-B065-4877-8E95-A1F7F6CCDFC6,43,FF
91C63765-29BC-435A-B1D7-57C899BCF992,167,FF
91C63765-29BC-435A-B1D7-57C899BCF992,178,FS
91C63765-29BC-435A-B1D7-57C899BCF992,179,FS
EB46041F-A82D-493E-A9F8-47CBDCFE4972,9,FF
B2114246-EA90-4F9D-A990-9827975F008C,6,FF
B2114246-EA90-4F9D-A990-9827975F008C,7,FF
B2114246-EA90-4F9D-A990-9827975F008C,9,FS
96C63517-786E-4B5E-9BC8-8BD5EAAAEE6D,95,FF
C9AF348E-9BC3-41BA-925A-37DD60CF551B,3,FF
5978CB5B-CC61-474F-B986-82B38A692A62,41,FF
DC49581D-21B9-4B22-870F-CBA73137D604,341,FC
906DD38F-B56B-4B3A-9F3A-D370B84C14AD,280,FC
9758C7A1-6683-42A4-990D-DE209D5ADD1A,38,FF
9758C7A1-6683-42A4-990D-DE209D5ADD1A,180,CH
9758C7A1-6683-42A4-990D-DE209D5ADD1A,186,FF
9758C7A1-6683-42A4-990D-DE209D5ADD1A,187,FF
9758C7A1-6683-42A4-990D-DE209D5ADD1A,119,CH
5AE0CD98-25EF-4823-BD01-67FFEB4DCDB5,23,CH
5AE0CD98-25EF-4823-BD01-67FFEB4DCDB5,68,FF
5AE0CD98-25EF-4823-BD01-67FFEB4DCDB5,81,CH
5AE0CD98-25EF-4823-BD01-67FFEB4DCDB5,163,FF
301A3652-0B47-486B-8BB2-E9157A363CE8,59,FF
8492EBB5-5088-4960-BF56-321DCBC2548A,107,CH
8492EBB5-5088-4960-BF56-321DCBC2548A,141,CH
8492EBB5-5088-4960-BF56-321DCBC2548A,142,CH
8492EBB5-5088-4960-BF56-321DCBC2548A,167,CH
8492EBB5-5088-4960-BF56-321DCBC2548A,172,CH
301A3652-0B47-486B-8BB2-E9157A363CE8,214,CH
D9766AAB-F37C-40A1-89F4-765EC43D435B,257,FF
DF09C1E8-2167-46F1-AE21-EA91BD01C45E,153,FF
DF09C1E8-2167-46F1-AE21-EA91BD01C45E,131,CH
071007CF-42F0-4231-8521-F22942CD06AC,138,CH
071007CF-42F0-4231-8521-F22942CD06AC,139,CH
DF09C1E8-2167-46F1-AE21-EA91BD01C45E,87,CH
3041476E-66DC-4C55-AC79-C7D5D2FF0802,47,CH
3041476E-66DC-4C55-AC79-C7D5D2FF0802,49,CH
3041476E-66DC-4C55-AC79-C7D5D2FF0802,82,CH
3041476E-66DC-4C55-AC79-C7D5D2FF0802,97,CH
3041476E-66DC-4C55-AC79-C7D5D2FF0802,102,FF
F81E37CB-583B-4CB6-825E-6402BB3DE4CA,11,CH
F81E37CB-583B-4CB6-825E-6402BB3DE4CA,96,FF
F81E37CB-583B-4CB6-825E-6402BB3DE4CA,114,FF
B65FBC65-61FC-42CE-8914-AA377967BF24,32,CH
B65FBC65-61FC-42CE-8914-AA377967BF24,55,CH
B65FBC65-61FC-42CE-8914-AA377967BF24,58,CH
B65FBC65-61FC-42CE-8914-AA377967BF24,119,CH
B65FBC65-61FC-42CE-8914-AA377967BF24,81,CH
B65FBC65-61FC-42CE-8914-AA377967BF24,85,CH
22582BC5-90B5-4E48-A56C-678FCBC59625,219,FF
22582BC5-90B5-4E48-A56C-678FCBC59625,229,FC
675B8AD3-6249-4CAC-9AD1-06B6398EE181,185,FS
675B8AD3-6249-4CAC-9AD1-06B6398EE181,187,FF
675B8AD3-6249-4CAC-9AD1-06B6398EE181,227,FF
EE4519A5-E2E4-424D-B85A-AF99FD899E27,147,CH
EE4519A5-E2E4-424D-B85A-AF99FD899E27,192,CH
EE4519A5-E2E4-424D-B85A-AF99FD899E27,193,CH
B019342C-83C8-4A18-A936-4285E7485C05,6,CH
B019342C-83C8-4A18-A936-4285E7485C05,31,CH
B019342C-83C8-4A18-A936-4285E7485C05,44,CH
B019342C-83C8-4A18-A936-4285E7485C05,47,FF
B019342C-83C8-4A18-A936-4285E7485C05,149,CH
B019342C-83C8-4A18-A936-4285E7485C05,151,CH
071007CF-42F0-4231-8521-F22942CD06AC,1,CH
071007CF-42F0-4231-8521-F22942CD06AC,100,FF
DF09C1E8-2167-46F1-AE21-EA91BD01C45E,1,CH
DF09C1E8-2167-46F1-AE21-EA91BD01C45E,2,CH
7EFF01C2-915D-4192-88F1-376305821596,56,CH
7EFF01C2-915D-4192-88F1-376305821596,57,CH
7EFF01C2-915D-4192-88F1-376305821596,60,FF
7EFF01C2-915D-4192-88F1-376305821596,32,CH
7EFF01C2-915D-4192-88F1-376305821596,160,CH
7EFF01C2-915D-4192-88F1-376305821596,162,CH
4569E06E-EBF3-49C1-9528-EE0260C01A23,30,CH
4569E06E-EBF3-49C1-9528-EE0260C01A23,63,CH
4569E06E-EBF3-49C1-9528-EE0260C01A23,66,FF
4569E06E-EBF3-49C1-9528-EE0260C01A23,110,CH
4569E06E-EBF3-49C1-9528-EE0260C01A23,180,FF
4569E06E-EBF3-49C1-9528-EE0260C01A23,202,CH
4569E06E-EBF3-49C1-9528-EE0260C01A23,203,FF
FAB81BBC-24A1-4337-8128-C978F1E8B322,172,FC
6BF140CD-7D41-48AC-8063-D18DBCE00100,222,FC
2F9C045F-6B9D-4B57-BDE1-30C4074B762F,210,FF
C8620861-1AB9-4C94-8F9B-42FD9400DB8E,77,FF
4ABC4906-EED3-4E6F-A781-647BAFEDC70A,227,FC
BE87566F-3EB1-4E70-A237-BAFD8E95DA56,216,FC
FD18BF7F-0932-4D5B-BB98-97C8F8707EB0,22,CH
FD18BF7F-0932-4D5B-BB98-97C8F8707EB0,93,CH
FD18BF7F-0932-4D5B-BB98-97C8F8707EB0,94,CH
FD18BF7F-0932-4D5B-BB98-97C8F8707EB0,131,CH
0674C694-400B-4A21-9C2C-627300933072,124,CH
12902AA3-914E-4D7D-B234-B70458DB1D70,256,FF
12902AA3-914E-4D7D-B234-B70458DB1D70,257,FC
0674C694-400B-4A21-9C2C-627300933072,163,FF
0674C694-400B-4A21-9C2C-627300933072,29,CH
C8620861-1AB9-4C94-8F9B-42FD9400DB8E,175,UN
C8620861-1AB9-4C94-8F9B-42FD9400DB8E,304,SL
C8620861-1AB9-4C94-8F9B-42FD9400DB8E,310,FF
C8620861-1AB9-4C94-8F9B-42FD9400DB8E,312,SL
C8620861-1AB9-4C94-8F9B-42FD9400DB8E,315,SL
A5791D2F-95D5-4CB0-959D-D860AD9D3559,254,FF
3571B53B-326E-4C81-BAEE-B57EB74D81AC,224,FC
7E2D95DA-197D-472D-9A37-CE43BA683933,235,FF
82EB497B-3E0A-4B85-B47D-E9587E80F5CB,237,FC
F6ED4A75-9B83-41E5-ADD8-770729FD89A5,244,FC
89C997C9-653C-4381-AED2-2C9AE489185E,232,FF
8A533DFD-BD6D-487D-9E2C-95310CE66013,49,FF
8A533DFD-BD6D-487D-9E2C-95310CE66013,90,CH
CDC93B0D-D2E9-4805-B6C0-101A20FCA54F,50,FF
CDC93B0D-D2E9-4805-B6C0-101A20FCA54F,75,SL
CDC93B0D-D2E9-4805-B6C0-101A20FCA54F,149,CH
CDC93B0D-D2E9-4805-B6C0-101A20FCA54F,154,FC
CDC93B0D-D2E9-4805-B6C0-101A20FCA54F,109,FC
CDC93B0D-D2E9-4805-B6C0-101A20FCA54F,180,CH
16842ED8-3615-4587-A95A-1FED21168553,11,CH
16842ED8-3615-4587-A95A-1FED21168553,62,CH
16842ED8-3615-4587-A95A-1FED21168553,115,CH
A4B1608E-288D-432D-A98E-704708F2729F,1,CH
A4B1608E-288D-432D-A98E-704708F2729F,24,CH
A4B1608E-288D-432D-A98E-704708F2729F,30,FF
A4B1608E-288D-432D-A98E-704708F2729F,58,FF
A4B1608E-288D-432D-A98E-704708F2729F,121,CH
A4B1608E-288D-432D-A98E-704708F2729F,166,CH
A4B1608E-288D-432D-A98E-704708F2729F,168,CH
73F3C381-9BAA-412F-883B-58288B767056,5,CH
73F3C381-9BAA-412F-883B-58288B767056,90,FF
73F3C381-9BAA-412F-883B-58288B767056,96,CH
73F3C381-9BAA-412F-883B-58288B767056,120,FF
5D39C0E6-EFED-48E5-9B27-43EBD2AFF105,17,CH
5D39C0E6-EFED-48E5-9B27-43EBD2AFF105,33,CH
5D39C0E6-EFED-48E5-9B27-43EBD2AFF105,94,CH
5D39C0E6-EFED-48E5-9B27-43EBD2AFF105,95,CH
5D39C0E6-EFED-48E5-9B27-43EBD2AFF105,129,CH
193344E2-7B45-4FA2-8700-F2DBF283845D,30,FF
193344E2-7B45-4FA2-8700-F2DBF283845D,74,FF
193344E2-7B45-4FA2-8700-F2DBF283845D,79,FF
193344E2-7B45-4FA2-8700-F2DBF283845D,152,CH
193344E2-7B45-4FA2-8700-F2DBF283845D,212,SI
E540B251-F2B8-4C05-B344-A0B8DE3F95DC,16,CH
E540B251-F2B8-4C05-B344-A0B8DE3F95DC,34,CH
E540B251-F2B8-4C05-B344-A0B8DE3F95DC,137,CH
238777CB-B16F-43FB-93A5-F735A25979E2,191,FC
C6F91B9B-062E-4C79-AFAC-3A6476F1708A,39,FF
5F5D2BAA-87F4-4566-8F3D-F24670CE731E,77,CH
AB460D40-5B79-4322-9D72-0DE2FDA2E5E3,100,CH
3041476E-66DC-4C55-AC79-C7D5D2FF0802,1,CH
7BF67363-5001-477C-99DE-4484515EFD0A,101,SI
7BF67363-5001-477C-99DE-4484515EFD0A,104,SI
7BF67363-5001-477C-99DE-4484515EFD0A,113,SI
7BF67363-5001-477C-99DE-4484515EFD0A,159,CH
7BF67363-5001-477C-99DE-4484515EFD0A,162,KC
B2EA9489-C698-4B26-AC97-A9A5ABE02E79,283,FC
BC95732D-B309-4E3D-8168-9F26C99658F4,39,CH
BC95732D-B309-4E3D-8168-9F26C99658F4,44,FF
BC95732D-B309-4E3D-8168-9F26C99658F4,47,CH
BC95732D-B309-4E3D-8168-9F26C99658F4,74,CH
BC95732D-B309-4E3D-8168-9F26C99658F4,95,CH
DF09C1E8-2167-46F1-AE21-EA91BD01C45E,161,CH
DF09C1E8-2167-46F1-AE21-EA91BD01C45E,176,CH
BC95732D-B309-4E3D-8168-9F26C99658F4,132,CH
3D38695E-4D79-40AC-B2CF-A042FDD0932A,35,CH
3D38695E-4D79-40AC-B2CF-A042FDD0932A,37,CH
11048F5A-F61F-437C-BA02-4AC9804E8AD9,80,FF
11048F5A-F61F-437C-BA02-4AC9804E8AD9,81,FF
11048F5A-F61F-437C-BA02-4AC9804E8AD9,59,CH
11048F5A-F61F-437C-BA02-4AC9804E8AD9,61,CH
11048F5A-F61F-437C-BA02-4AC9804E8AD9,123,CH
11048F5A-F61F-437C-BA02-4AC9804E8AD9,174,FF
4ADA992A-A1A9-4514-9ADC-E7FAEE897728,242,FC
4ADA992A-A1A9-4514-9ADC-E7FAEE897728,246,FF
4ADA992A-A1A9-4514-9ADC-E7FAEE897728,256,FF
7BF67363-5001-477C-99DE-4484515EFD0A,33,SI
9A1D9D8E-2055-4418-8A73-946516AA37F6,25,CH
9A1D9D8E-2055-4418-8A73-946516AA37F6,26,CH
9A1D9D8E-2055-4418-8A73-946516AA37F6,89,CH
9A1D9D8E-2055-4418-8A73-946516AA37F6,112,FF
CD73509F-1566-4E93-B964-005787C835E6,31,CH
CD73509F-1566-4E93-B964-005787C835E6,32,FF
CD73509F-1566-4E93-B964-005787C835E6,33,FF
CD73509F-1566-4E93-B964-005787C835E6,34,FF
CD73509F-1566-4E93-B964-005787C835E6,63,FF
1295C90E-C2C4-48EC-8325-4CE9AE002C80,31,CH
301A3652-0B47-486B-8BB2-E9157A363CE8,151,CH
301A3652-0B47-486B-8BB2-E9157A363CE8,86,CH
8492EBB5-5088-4960-BF56-321DCBC2548A,60,CH
5AE0CD98-25EF-4823-BD01-67FFEB4DCDB5,130,CH
42E01E67-54DC-4E13-91B0-CD77CA8EF9C5,285,FF
532651FB-9E98-49E3-80CC-AE899F49009A,200,FF
5AE0CD98-25EF-4823-BD01-67FFEB4DCDB5,121,CH
5AE0CD98-25EF-4823-BD01-67FFEB4DCDB5,123,CH
DC49581D-21B9-4B22-870F-CBA73137D604,333,FC
DC49581D-21B9-4B22-870F-CBA73137D604,334,FF
9758C7A1-6683-42A4-990D-DE209D5ADD1A,121,CH
9758C7A1-6683-42A4-990D-DE209D5ADD1A,122,FF
9758C7A1-6683-42A4-990D-DE209D5ADD1A,59,CH
B12FE0E1-491F-423A-A346-3693CE401697,281,FC
AB460D40-5B79-4322-9D72-0DE2FDA2E5E3,133,FF
AB460D40-5B79-4322-9D72-0DE2FDA2E5E3,73,FF
AB460D40-5B79-4322-9D72-0DE2FDA2E5E3,47,CH
AB460D40-5B79-4322-9D72-0DE2FDA2E5E3,48,FF
AB460D40-5B79-4322-9D72-0DE2FDA2E5E3,12,CH
AB460D40-5B79-4322-9D72-0DE2FDA2E5E3,13,CH
AB460D40-5B79-4322-9D72-0DE2FDA2E5E3,14,FF
C6F91B9B-062E-4C79-AFAC-3A6476F1708A,54,CH
E540B251-F2B8-4C05-B344-A0B8DE3F95DC,227,FC
193344E2-7B45-4FA2-8700-F2DBF283845D,182,CH
193344E2-7B45-4FA2-8700-F2DBF283845D,85,FF
193344E2-7B45-4FA2-8700-F2DBF283845D,39,CH
193344E2-7B45-4FA2-8700-F2DBF283845D,40,FF
193344E2-7B45-4FA2-8700-F2DBF283845D,42,FF
193344E2-7B45-4FA2-8700-F2DBF283845D,50,SI
43B49C26-60B5-48F9-925F-91E5508CDF56,294,FF
43B49C26-60B5-48F9-925F-91E5508CDF56,295,FF
5D39C0E6-EFED-48E5-9B27-43EBD2AFF105,43,FF
FA992645-2624-4234-AEDC-6247751873C1,271,SL
73F3C381-9BAA-412F-883B-58288B767056,131,FF
73F3C381-9BAA-412F-883B-58288B767056,132,FF
73F3C381-9BAA-412F-883B-58288B767056,159,CH
73F3C381-9BAA-412F-883B-58288B767056,17,FF
73F3C381-9BAA-412F-883B-58288B767056,36,CH
73F3C381-9BAA-412F-883B-58288B767056,42,FF
A4B1608E-288D-432D-A98E-704708F2729F,5,CH
16842ED8-3615-4587-A95A-1FED21168553,127,FF
16842ED8-3615-4587-A95A-1FED21168553,129,FF
16842ED8-3615-4587-A95A-1FED21168553,160,CH
16842ED8-3615-4587-A95A-1FED21168553,31,CH
16842ED8-3615-4587-A95A-1FED21168553,4,CH
16842ED8-3615-4587-A95A-1FED21168553,6,CH
CDC93B0D-D2E9-4805-B6C0-101A20FCA54F,103,FC
8A533DFD-BD6D-487D-9E2C-95310CE66013,146,CH
8A533DFD-BD6D-487D-9E2C-95310CE66013,84,CH
8A533DFD-BD6D-487D-9E2C-95310CE66013,86,CH
8A533DFD-BD6D-487D-9E2C-95310CE66013,14,CH
8A533DFD-BD6D-487D-9E2C-95310CE66013,4,CH
832B2EBE-DB5B-4002-AF0A-08F55E64345E,213,FF
82EB497B-3E0A-4B85-B47D-E9587E80F5CB,230,FF
8A4EBC86-B029-4491-93C0-DA2D1C8B5E8D,235,FF
8A4EBC86-B029-4491-93C0-DA2D1C8B5E8D,238,FF
82EB497B-3E0A-4B85-B47D-E9587E80F5CB,221,FF
3571B53B-326E-4C81-BAEE-B57EB74D81AC,229,FF
3571B53B-326E-4C81-BAEE-B57EB74D81AC,220,FC
3571B53B-326E-4C81-BAEE-B57EB74D81AC,223,FF
FD18BF7F-0932-4D5B-BB98-97C8F8707EB0,33,CH
FD18BF7F-0932-4D5B-BB98-97C8F8707EB0,47,CH
FD18BF7F-0932-4D5B-BB98-97C8F8707EB0,48,FF
FD18BF7F-0932-4D5B-BB98-97C8F8707EB0,57,CU
4ABC4906-EED3-4E6F-A781-647BAFEDC70A,217,FF
4ABC4906-EED3-4E6F-A781-647BAFEDC70A,218,FF
C8620861-1AB9-4C94-8F9B-42FD9400DB8E,60,FS
C8620861-1AB9-4C94-8F9B-42FD9400DB8E,13,FF
C8620861-1AB9-4C94-8F9B-42FD9400DB8E,16,FF
C8620861-1AB9-4C94-8F9B-42FD9400DB8E,17,FF
C8620861-1AB9-4C94-8F9B-42FD9400DB8E,26,FF
2F9C045F-6B9D-4B57-BDE1-30C4074B762F,205,FF
6BF140CD-7D41-48AC-8063-D18DBCE00100,218,FF
9CBC03B4-81BC-4A0B-9761-05CA73353748,222,FF
9CBC03B4-81BC-4A0B-9761-05CA73353748,225,FC
443D4A76-47BD-4170-A638-0FBFBE4315E6,248,FC
443D4A76-47BD-4170-A638-0FBFBE4315E6,249,FC
443D4A76-47BD-4170-A638-0FBFBE4315E6,251,FC
ABDDB728-E7C0-41BD-A724-161F016F35D5,181,FF
3A7D04ED-C9E3-42C5-8BEA-3487FD2AAF04,199,FF
56C7CF70-1EEE-44B1-8646-411B09517436,229,FF
4569E06E-EBF3-49C1-9528-EE0260C01A23,229,CH
4569E06E-EBF3-49C1-9528-EE0260C01A23,172,CH
4569E06E-EBF3-49C1-9528-EE0260C01A23,80,FF
071007CF-42F0-4231-8521-F22942CD06AC,128,CH
071007CF-42F0-4231-8521-F22942CD06AC,51,CH
B019342C-83C8-4A18-A936-4285E7485C05,157,CH
B019342C-83C8-4A18-A936-4285E7485C05,93,CH
B019342C-83C8-4A18-A936-4285E7485C05,95,FF
B019342C-83C8-4A18-A936-4285E7485C05,108,CH
EE4519A5-E2E4-424D-B85A-AF99FD899E27,110,FF
EE4519A5-E2E4-424D-B85A-AF99FD899E27,89,CH
EE4519A5-E2E4-424D-B85A-AF99FD899E27,79,FF
EE4519A5-E2E4-424D-B85A-AF99FD899E27,30,CH
675B8AD3-6249-4CAC-9AD1-06B6398EE181,182,FS
675B8AD3-6249-4CAC-9AD1-06B6398EE181,43,FF
675B8AD3-6249-4CAC-9AD1-06B6398EE181,44,FS
B65FBC65-61FC-42CE-8914-AA377967BF24,157,CH
B65FBC65-61FC-42CE-8914-AA377967BF24,148,CH
B65FBC65-61FC-42CE-8914-AA377967BF24,125,CH
B65FBC65-61FC-42CE-8914-AA377967BF24,128,FF
B65FBC65-61FC-42CE-8914-AA377967BF24,129,FF
B65FBC65-61FC-42CE-8914-AA377967BF24,66,CH
0CAD1CF2-16F0-45B5-B314-9ACAC66C325C,110,CH
0CAD1CF2-16F0-45B5-B314-9ACAC66C325C,83,CH
0CAD1CF2-16F0-45B5-B314-9ACAC66C325C,7,CH
F81E37CB-583B-4CB6-825E-6402BB3DE4CA,28,CH
3041476E-66DC-4C55-AC79-C7D5D2FF0802,75,CH
3041476E-66DC-4C55-AC79-C7D5D2FF0802,76,CH
DF09C1E8-2167-46F1-AE21-EA91BD01C45E,35,CH
DF09C1E8-2167-46F1-AE21-EA91BD01C45E,67,FF
DF09C1E8-2167-46F1-AE21-EA91BD01C45E,137,CH
DF09C1E8-2167-46F1-AE21-EA91BD01C45E,139,FF
1295C90E-C2C4-48EC-8325-4CE9AE002C80,82,CH
1295C90E-C2C4-48EC-8325-4CE9AE002C80,83,CH
1295C90E-C2C4-48EC-8325-4CE9AE002C80,108,CH
1295C90E-C2C4-48EC-8325-4CE9AE002C80,175,CU
CD73509F-1566-4E93-B964-005787C835E6,98,CH
9A1D9D8E-2055-4418-8A73-946516AA37F6,105,FF
9A1D9D8E-2055-4418-8A73-946516AA37F6,36,FF
9A1D9D8E-2055-4418-8A73-946516AA37F6,41,FF
4ADA992A-A1A9-4514-9ADC-E7FAEE897728,248,FC
D27F7AD5-D9BD-4870-89A4-C9CE709803C9,234,FC
D27F7AD5-D9BD-4870-89A4-C9CE709803C9,241,FF
D27F7AD5-D9BD-4870-89A4-C9CE709803C9,246,FC
B2EA9489-C698-4B26-AC97-A9A5ABE02E79,287,FC
7BF67363-5001-477C-99DE-4484515EFD0A,132,SI
7BF67363-5001-477C-99DE-4484515EFD0A,136,SI
7BF67363-5001-477C-99DE-4484515EFD0A,93,FF
9758C7A1-6683-42A4-990D-DE209D5ADD1A,146,CH
9758C7A1-6683-42A4-990D-DE209D5ADD1A,150,FF
DC49581D-21B9-4B22-870F-CBA73137D604,299,FF
DC49581D-21B9-4B22-870F-CBA73137D604,300,FC
E12DB1F3-B2C4-4952-8A43-0374CE0D3B12,114,CH
E12DB1F3-B2C4-4952-8A43-0374CE0D3B12,117,FF
E12DB1F3-B2C4-4952-8A43-0374CE0D3B12,73,CH
5AE0CD98-25EF-4823-BD01-67FFEB4DCDB5,74,FF
5AE0CD98-25EF-4823-BD01-67FFEB4DCDB5,57,CH
5AE0CD98-25EF-4823-BD01-67FFEB4DCDB5,60,FF
5AE0CD98-25EF-4823-BD01-67FFEB4DCDB5,106,FF
8492EBB5-5088-4960-BF56-321DCBC2548A,96,CH
301A3652-0B47-486B-8BB2-E9157A363CE8,79,CH
301A3652-0B47-486B-8BB2-E9157A363CE8,83,FF
301A3652-0B47-486B-8BB2-E9157A363CE8,51,FF
301A3652-0B47-486B-8BB2-E9157A363CE8,52,CH
C6F91B9B-062E-4C79-AFAC-3A6476F1708A,139,FF
C6F91B9B-062E-4C79-AFAC-3A6476F1708A,9,FF
C6F91B9B-062E-4C79-AFAC-3A6476F1708A,10,CU
3041476E-66DC-4C55-AC79-C7D5D2FF0802,25,FF
3041476E-66DC-4C55-AC79-C7D5D2FF0802,28,FF
5F5D2BAA-87F4-4566-8F3D-F24670CE731E,72,CH
5F5D2BAA-87F4-4566-8F3D-F24670CE731E,74,FF
5D39C0E6-EFED-48E5-9B27-43EBD2AFF105,35,CH
193344E2-7B45-4FA2-8700-F2DBF283845D,104,CH
193344E2-7B45-4FA2-8700-F2DBF283845D,108,FF
F84F87E0-00CD-4EC7-A470-EFAA112B9323,259,FF
F84F87E0-00CD-4EC7-A470-EFAA112B9323,263,FC
8A533DFD-BD6D-487D-9E2C-95310CE66013,68,FF
16842ED8-3615-4587-A95A-1FED21168553,52,CH
443D4A76-47BD-4170-A638-0FBFBE4315E6,243,FF
ABDDB728-E7C0-41BD-A724-161F016F35D5,186,FC
C8620861-1AB9-4C94-8F9B-42FD9400DB8E,143,FF
C8620861-1AB9-4C94-8F9B-42FD9400DB8E,130,FS
071007CF-42F0-4231-8521-F22942CD06AC,173,CH
3041476E-66DC-4C55-AC79-C7D5D2FF0802,133,CH
F81E37CB-583B-4CB6-825E-6402BB3DE4CA,57,FF
F81E37CB-583B-4CB6-825E-6402BB3DE4CA,59,FF
F81E37CB-583B-4CB6-825E-6402BB3DE4CA,123,CH
675B8AD3-6249-4CAC-9AD1-06B6398EE181,29,FS
071007CF-42F0-4231-8521-F22942CD06AC,132,CH
7BF67363-5001-477C-99DE-4484515EFD0A,107,FF
B2EA9489-C698-4B26-AC97-A9A5ABE02E79,291,FC
BC95732D-B309-4E3D-8168-9F26C99658F4,12,FF
BC95732D-B309-4E3D-8168-9F26C99658F4,104,CH
11048F5A-F61F-437C-BA02-4AC9804E8AD9,112,FF
9A1D9D8E-2055-4418-8A73-946516AA37F6,95,CH
F6ED4A75-9B83-41E5-ADD8-770729FD89A5,253,FF
A4B1608E-288D-432D-A98E-704708F2729F,48,CH
A4B1608E-288D-432D-A98E-704708F2729F,51,CH
11048F5A-F61F-437C-BA02-4AC9804E8AD9,177,FF
183C3B09-213D-4811-A1EC-99D624E9494E,274,FF
675B8AD3-6249-4CAC-9AD1-06B6398EE181,229,FF
B12FE0E1-491F-423A-A346-3693CE401697,278,FF
5AE0CD98-25EF-4823-BD01-67FFEB4DCDB5,159,FF
E12DB1F3-B2C4-4952-8A43-0374CE0D3B12,78,CH
E12DB1F3-B2C4-4952-8A43-0374CE0D3B12,66,CH
301A3652-0B47-486B-8BB2-E9157A363CE8,119,UN
0CAD1CF2-16F0-45B5-B314-9ACAC66C325C,35,CH
0CAD1CF2-16F0-45B5-B314-9ACAC66C325C,36,CH
0CAD1CF2-16F0-45B5-B314-9ACAC66C325C,115,FF
0CAD1CF2-16F0-45B5-B314-9ACAC66C325C,122,CH
675B8AD3-6249-4CAC-9AD1-06B6398EE181,104,FF
675B8AD3-6249-4CAC-9AD1-06B6398EE181,105,FS
B019342C-83C8-4A18-A936-4285E7485C05,138,CH
EE4519A5-E2E4-424D-B85A-AF99FD899E27,208,FF
7EFF01C2-915D-4192-88F1-376305821596,49,CU
4569E06E-EBF3-49C1-9528-EE0260C01A23,143,CH
4569E06E-EBF3-49C1-9528-EE0260C01A23,144,CH
4569E06E-EBF3-49C1-9528-EE0260C01A23,148,CH
183C3B09-213D-4811-A1EC-99D624E9494E,285,FF
4569E06E-EBF3-49C1-9528-EE0260C01A23,199,CH
0674C694-400B-4A21-9C2C-627300933072,165,CH
0674C694-400B-4A21-9C2C-627300933072,128,CH
FD18BF7F-0932-4D5B-BB98-97C8F8707EB0,71,CH
BE87566F-3EB1-4E70-A237-BAFD8E95DA56,203,FF
89C997C9-653C-4381-AED2-2C9AE489185E,226,FC
89C997C9-653C-4381-AED2-2C9AE489185E,228,FC
832B2EBE-DB5B-4002-AF0A-08F55E64345E,206,FC
8A533DFD-BD6D-487D-9E2C-95310CE66013,44,CH
C8620861-1AB9-4C94-8F9B-42FD9400DB8E,274,FF
C8620861-1AB9-4C94-8F9B-42FD9400DB8E,278,FF
7E2D95DA-197D-472D-9A37-CE43BA683933,253,FC
7E2D95DA-197D-472D-9A37-CE43BA683933,258,FC
73F3C381-9BAA-412F-883B-58288B767056,12,CH
16842ED8-3615-4587-A95A-1FED21168553,1,CH
CDC93B0D-D2E9-4805-B6C0-101A20FCA54F,138,CH
CDC93B0D-D2E9-4805-B6C0-101A20FCA54F,176,CH
CDC93B0D-D2E9-4805-B6C0-101A20FCA54F,17,CH
193344E2-7B45-4FA2-8700-F2DBF283845D,99,CH
193344E2-7B45-4FA2-8700-F2DBF283845D,109,CH
193344E2-7B45-4FA2-8700-F2DBF283845D,110,CH
193344E2-7B45-4FA2-8700-F2DBF283845D,159,FF
193344E2-7B45-4FA2-8700-F2DBF283845D,67,CH
193344E2-7B45-4FA2-8700-F2DBF283845D,90,CH
5D39C0E6-EFED-48E5-9B27-43EBD2AFF105,67,FF
5F5D2BAA-87F4-4566-8F3D-F24670CE731E,18,CH
E540B251-F2B8-4C05-B344-A0B8DE3F95DC,224,FC
E540B251-F2B8-4C05-B344-A0B8DE3F95DC,113,CH
E540B251-F2B8-4C05-B344-A0B8DE3F95DC,114,CH
3041476E-66DC-4C55-AC79-C7D5D2FF0802,34,FF
3041476E-66DC-4C55-AC79-C7D5D2FF0802,44,FF
3D38695E-4D79-40AC-B2CF-A042FDD0932A,109,FF
BC95732D-B309-4E3D-8168-9F26C99658F4,152,CH
11048F5A-F61F-437C-BA02-4AC9804E8AD9,56,CH
11048F5A-F61F-437C-BA02-4AC9804E8AD9,166,FF
CD73509F-1566-4E93-B964-005787C835E6,67,FF
9A1D9D8E-2055-4418-8A73-946516AA37F6,106,CH
8492EBB5-5088-4960-BF56-321DCBC2548A,101,CH
8492EBB5-5088-4960-BF56-321DCBC2548A,23,CH
73F3C381-9BAA-412F-883B-58288B767056,166,FF
193344E2-7B45-4FA2-8700-F2DBF283845D,25,CH
193344E2-7B45-4FA2-8700-F2DBF283845D,53,CH
250038CB-5AFC-4EBD-9E8C-3CC8E059EC25,226,FC
250038CB-5AFC-4EBD-9E8C-3CC8E059EC25,216,FC
CDEF7281-C047-478B-B46A-9F7F8D1DC8D2,204,FC
FD18BF7F-0932-4D5B-BB98-97C8F8707EB0,89,CH
183C3B09-213D-4811-A1EC-99D624E9494E,279,FC
DF09C1E8-2167-46F1-AE21-EA91BD01C45E,27,CH
1295C90E-C2C4-48EC-8325-4CE9AE002C80,163,CH
906DD38F-B56B-4B3A-9F3A-D370B84C14AD,288,FF
071007CF-42F0-4231-8521-F22942CD06AC,9,CH
FD18BF7F-0932-4D5B-BB98-97C8F8707EB0,127,CH
C6F91B9B-062E-4C79-AFAC-3A6476F1708A,101,FF
